IDs,smiles,clusters
ZINC000008765006,O=C(NCCc1c[nH]c2ccccc12)[C@H]3COc4ccccc4O3,0
ZINC000218845210,O=C(N[C@@H]1CCOC[C@H]1OCc2ccccn2)c3ccoc3,0
ZINC000089652307,Cc1ccc(OCC(=O)c2ccc3c(c2)CCC(=O)N3)nc1,0
ZINC000000537157,COc1ccccc1NC(=O)C[C@@H]2NCCNC2=O,0
ZINC000244986190,O=C(NCc1ccco1)c2ccc(OCC3CCOCC3)nc2,0
ZINC000225509730,COc1ccc(CCNC(=O)[C@H]2CCc3[nH]cnc3C2)cc1,0
ZINC000071810143,O=C(NCCCOc1ccccc1F)c2ccccn2,0
ZINC000021965511,Cc1cccc(OCCCNC(=O)c2ccccn2)c1,0
ZINC000012298924,CC(=O)NCCC(=O)NCc1cccnc1Oc2ccccc2C,0
ZINC000192721232_1,C[C@H]1C[N@@H+](CCN2CCN(C(=O)Cc3ccccc3)CC2)CCO1,1
ZINC000084636652_1,C[C@H](NC(=O)CC1CCCCC1)[C@@H]2C[N@@H+](C)CCO2,1
ZINC000051375283,C[C@@H](NC(=O)CCCOCc1ccccc1)C(=O)N2CCCCC2,1
ZINC000095417027,C[NH+]1CCN(C(C)(C)C(=O)NC[C@H](O)Cc2ccccc2)CC1,1
ZINC000069877571,COCC[NH+]1CCN([C@@H](C)C(=O)NCCc2ccccc2)CC1,1
ZINC000058174906_1,C[C@H]1C[NH+](C[C@H]2CCCN2CC(=O)NCc3ccccc3)C[C@H](C)O1,1
ZINC000025833245,C[C@H]1CN(CC(=O)N[C@@H](C)c2ccccc2)CCO1,1
ZINC000039987688,COC(=O)CCCNC(=O)C[N@H+]1CC[C@H](Cc2ccccc2)CC1,1
ZINC000408518964,Cc1cccc(CNC(=O)CN2CCC([N@@H+]3CCOC[C@H]3C)CC2)c1,1
ZINC000071864238,C[C@@H](O)C[N@@H+]1CCN(CC(=O)NCCCc2ccccc2)C[C@H]1C,1
ZINC000022687793,Cc1cccc(C(=O)NC[C@@H](c2cccs2)N(C)C)c1,2
ZINC000222925717,Cc1ccc(C(=O)NCc2csc(N(C)C)n2)s1,2
ZINC000097112114,Cc1csc([C@H](C)NCc2cccc(C(=O)N(C)C)c2)n1,2
ZINC000030657791,Cc1cccc2nc(C(=O)N(C)Cc3nc4ccccc4[nH]3)cn12,2
ZINC000040060561,Cc1cc(NCc2ccc(C(=O)N(C)C)cc2)nc(C)n1,2
ZINC000015860087,Cc1ccc(C(=O)NC[C@@H](c2ccc(C)o2)N(C)C)cc1,2
ZINC000065505323,Cc1cccc([C@H](C(=O)NCc2cnc(C)cn2)N(C)C)c1,2
ZINC000010215698,COC(=O)c1ccc(CNC(=O)c2ccc(C)n2C)cc1,2
ZINC000253414332,Cc1ccc(C)n1CC(=O)N[C@@H](c2ccccc2)c3nccn3C,2
ZINC000000264130,Cc1ccc(NC(=O)Cn2cc(C=O)c3ccccc32)cc1,2
ZINC000000111363,O=S(=O)(c1c(F)cccc1F)N2CCOCC2,3
ZINC000184917149,COCCCCS(=O)(=O)N1CCC[C@H](C)[C@H]1C,3
ZINC000016399659,O=Cc1cccc(S(=O)(=O)N2CCOCC2)c1,3
ZINC000253370846,CCCCCS(=O)(=O)N1C[C@@H]2OCCN(C)[C@H]2C1,3
ZINC000030581828,O=S(=O)(c1ccc2c(c1)OCCO2)N3CCOc4ccccc43,3
ZINC000044896250,C[C@H]1CN(S(=O)(=O)N2CCOCC2)CCO1,3
ZINC000071915808,COc1ccccc1[C@@H]2CCN(S(=O)(=O)c3cccs3)C2,3
ZINC000096098233,COc1ccc(S(=O)(=O)N2CCC(S(C)(=O)=O)CC2)cc1C,3
ZINC000062119726,Cc1cccc(S(=O)(=O)N2CC[C@H](C(=O)O)C2)c1,3
ZINC000000617679,Cc1ccc(S(=O)(=O)CC(=O)N2CCOCC2)cc1,3
ZINC000000133254,O=C\1N=C(N2CCN(c3ccccc3)CC2)S/C1=C/c4ccccc4,4
ZINC000023693416,CC(=O)Nc1nc(CN2CCCc3ccccc32)cs1,4
ZINC000010269845,O=C(c1ccc(F)cc1)N2CCN(c3nccs3)CC2,4
ZINC000002442816,CC(=O)Nc1nnc(CCN2CCCCC2)s1,4
ZINC000257204500,Cc1ccc(C[C@@H]2CCCN(C(=O)c3cncs3)C2)cn1,4
ZINC000408517075,Cc1nc(C)c(C(=O)N2CCN(c3nccs3)CC2)s1,4
ZINC000095411002,O=C(NCCc1ccccn1)N2CCN(c3cccs3)CC2,4
ZINC000009154664,Cc1ccc(-c2csc(NC(=O)CN3CCSC3=O)n2)cc1,4
ZINC000244898802_1,Cc1cn2c(=O)cc(C[N@H+]3CCC[C@@H]3c4ccccn4)nc2s1,4
ZINC000020310936,O=C(Nc1nccs1)[C@@H](c2ccccc2)N3CCOCC3,4
ZINC000001750455,CCOC(=O)c1cc(Cl)c(N)c(Cl)c1,5
ZINC000072198485,[NH3+][C@@H](CO)c1cc(F)c(Cl)c(Cl)c1,5
ZINC000039941473,[NH3+][C@H]1c2cc(Cl)cc(Cl)c2CC[C@@H]1O,5
ZINC000075915313,[NH3+]Cc1c(F)c(F)cc(Br)c1F,5
ZINC000001665953,CN(C)c1ccccc1Br,5
ZINC000001748031,C[C@H]([NH3+])C(c1ccccc1)c2ccccc2,5
ZINC000015443794,Nc1cc(F)c(F)c(F)c1Br,5
ZINC000238684841,[NH3+][C@H](CF)c1ccc(F)c(Br)c1,5
ZINC000087688371,COc1ccc([C@@H]([NH3+])C(F)F)cc1F,5
ZINC000041104064,COC(=O)C1CCN(C(=O)COc2cc(C)ccc2C)CC1,6
ZINC000013972030,COc1ccc(CC(=O)N2CCCCC2)cc1C,6
ZINC000019595561,Cc1cccc(OCCCCCN2CCOCC2)c1C,6
ZINC000040162114,O=C(C1CCCCC1)N2CCN(CCOc3ccccc3)CC2,6
ZINC000000214376,COc1ccc(CN2CCCCC2)c(OC)c1,6
ZINC000082107647,CCCC[C@H]1C(=O)N(C)CCN1C(=O)CCOc2ccccc2,6
ZINC000013425500,C[C@H](Oc1ccccc1)C(=O)N2C[C@@H](C)O[C@H](C)C2,6
ZINC000019773479,COc1ccc(OC)c(CN2CCN(C(=O)c3cccnc3)CC2)c1,6
ZINC000091321133,COc1ccccc1N2CCN([C@H](C)C(=O)N3CCCCC3)CC2=O,6
ZINC000080395852,CC(=O)N1CCC(C(=O)OCCN(C)c2ccccc2)CC1,6
ZINC000225796006,O=C([C@@H]1Cc2ccccc2CO1)N3CC[C@H](Oc4cnccn4)C3,7
ZINC000096072489,O=C(CC1CCCC1)N2CC[C@@]3(C[C@H](Oc4cccnc4)CO3)C2,7
ZINC000013075814,O=C(c1oc2ccccc2c1COc3ccccc3)N4CCOCC4,7
ZINC000053381270,O=C1C[C@H](C(=O)N2CCO[C@H]3CCC[C@@H]32)CN1Cc4ccccc4,7
ZINC000096045961,COc1ccccc1OCC(=O)N2CC[C@@H]3O[C@@H](C)C[C@H]3C2,7
ZINC000000148227,Cc1ccc2oc(=O)n(CC(=O)N3CCOCC3)c2c1,7
ZINC000299799050,COCCN1C[C@H](C(=O)N2Cc3cnc(C)cc3C2)CCC1=O,7
ZINC000181183071,O=C(c1c[nH]c2ccccc2c1=O)N3CCO[C@H](Cc4ccccc4)C3,7
ZINC000121116732,COc1ccc(CN2CCOC[C@@H]2CC(=O)c3ccco3)cn1,7
ZINC000096042112,c1cncc(O[C@H]2CC[C@H]3[C@H]2OCCN3Cc4ccoc4)c1,7
ZINC000096062021,C[C@H]1c2ncc(CN3CC[NH+](C)CC3)n2CCN1Cc4ccccn4,8
ZINC000096184644,c1ccc(N2CC[C@H]3[C@H]2CC[N@@H+]3Cc4cccnc4)nc1,8
ZINC000257283741,Cc1cccc(N2CCC[C@@H]([N@@H+](C)Cc3cnccn3)C2)n1,8
ZINC000257272297,Cc1ccc(C[N@@H+]2CCC[C@H](c3cncc(-n4ccnc4)n3)C2)cn1,8
ZINC000257273691,Cc1nc([C@@H]2CC[N@@H+](Cc3cccnc3)C2)c4sccn14,8
ZINC000328973643,C[NH+](C)CCNc1nc(Nc2ccccc2)cc(-c3ccncc3)n1,8
ZINC000257266319,Fc1ccc(C[N@@H+]2CCC[C@@H](c3cncc(-n4ccnc4)n3)C2)nc1,8
ZINC000097602160,Cc1ncc(C[N@H+]2CCC[C@H](c3ccccc3)C2)n1C,8
ZINC000052418490,C[C@@H](CCC[NH3+])[NH+]1CCN(c2ncccn2)CC1,8
ZINC000097145342,COc1ccc2c(c1)CCC[C@H]2C[NH2+][C@@H]3CCOC3,9
ZINC000004685530,CCC(CC)[NH2+]Cc1ccc(OC)c(C)c1,9
ZINC000000294254,COc1ccccc1C[NH2+]Cc2ccc(C)cc2,9
ZINC000040461086,Cc1ccccc1OC[C@@H](O)C[NH2+][C@@H](C)[C@H](O)c2ccc(O)cc2,9
ZINC000042773515,Fc1ccc(OCC[C@@H]2CCC[NH2+]C2)c(F)c1,9
ZINC000003732286,COc1cccc([C@H]2CCC[NH2+]2)c1OC,9
ZINC000062729550,CC[C@@H](C)Oc1ccccc1C[NH2+]CCOC,9
ZINC000002380020,COc1ccccc1OCCCCCC[NH2+]CCO,9
ZINC000014632365,Cc1cccc(OCC[C@@H]2CCC[NH2+]C2)c1,9
ZINC000020274161,COc1cccc(CC[NH2+]C2CCCCC2)c1,9
ZINC000096246201,Cc1ccc(N2CC[C@H]3CN(C(=O)c4ccccc4)C[C@H]3C2)nn1,10
ZINC000044975099,O=C(Nc1ccccc1)[C@@H]2CCCN(c3cncc(-n4cccn4)n3)C2,10
ZINC000032103061,O=C(NC1CCCCC1)[C@@H]2CCCN(c3ccc4nncn4n3)C2,10
ZINC000062022035,Cc1csc(C(=O)N2CCN(CCn3cccn3)CC2)c1,10
ZINC000075876645,O=C(NCc1nnc2n1CCCC2)c3ccc4ncccc4c3,10
ZINC000208034056,Cc1cc2ncc3c(n2n1)CCN(C(=O)c4cccnc4)C3,10
ZINC000012076452,O=C(Cn1cncn1)N2CCC[C@H](CCc3ccc(F)cc3F)C2,10
ZINC000257338328,Cc1cccc(-c2nccnc2[C@@H]3CCCN(C(=O)c4ccn[nH]4)C3)c1,10
ZINC000191370510,Cc1c(C(=O)N2CCC[C@@H]([NH3+])C2)cnn1-c3ccccc3F,10
ZINC000057354554,Cc1ccc(C(=O)N2CCN(c3ccc(-n4cnnc4)cc3)CC2)cc1,10
ZINC000039956212,Cc1cc(-c2cccc(C(=O)O)c2)on1,11
ZINC000002004362,CCOC(=O)c1c(-c2ccccc2)noc1C,11
ZINC000064033492,COC(=O)c1cnc(-c2ccccc2)o1,11
ZINC000071817214,Cc1ncsc1C(=O)OCc2ccccc2,11
ZINC000008700338,COC(=O)c1c(C)n[nH]c1-c2ccccc2,11
ZINC000014984795,COC(=O)c1cc(Br)c2[nH]ccc2c1,11
ZINC000039339872,O=C(O)[C@@H]1CS[C@H](c2ccc(O)c(O)c2)N1,11
ZINC000000076526,Cc1[nH]c(C=O)c(C)c1C(=O)OCc2ccccc2,11
ZINC000051943265,O=C(O)c1ccc2c(c1)-c3ncsc3C2,11
ZINC000000116781,COc1ccc(S(=O)(=O)Nc2ccnn2C)cc1,12
ZINC000225573693,CNS(=O)(=O)c1nnc(NC(=O)c2ccc(C)cc2)s1,12
ZINC000000380458,Cc1ccc(S(=O)(=O)Nc2nncs2)cc1,12
ZINC000000190512,Cc1ccc(S(=O)(=O)n2cnc3ccccc32)cc1,12
ZINC000007725866,Cc1nc2cc(NS(=O)(=O)c3cc(C(=O)O)ccc3C)ccc2o1,12
ZINC000000409048,Cc1ccc(S(=O)(=O)Nc2ccncc2)cc1,12
ZINC000097141691,Cc1cccc(Cl)c1NS(=O)(=O)c2cccnc2,12
ZINC000095439259,Cc1cc(F)c(S(=O)(=O)Nc2nncs2)cc1F,12
ZINC000010274221,Cc1ccccc1NS(=O)(=O)c2ccc3[nH]c(=O)cc(C)c3c2,12
ZINC000096246456,COCC[N@@H+]1CCO[C@H]2CN(C(=O)c3ccc(C)cc3)C[C@H]21,13
ZINC000072164161,CN(Cc1ccccc1)C(=O)CC[N@H+]2CCC[C@@]3(CN(C)C(=O)O3)C2,13
ZINC000096201708,C[C@@H]1C[N@@H+](CCc2ccccc2)C[C@]13CCN(CC(=O)N(C)C)C3=O,13
ZINC000096073974,COCCN1CC[C@]2(CCC[N@H+](Cc3ccc(OC)cc3)C2)C1=O,13
ZINC000521397307,CC(=O)N1CC[C@](O)(CN2Cc3ccccc3C2=O)C(C)(C)C1,13
ZINC000257320614,C[NH+](C)C[C@@]1(O)CCN(C(=O)CC[N@H+](C)Cc2ccccn2)C1,13
ZINC000096224831,CN(C)C(=O)[C@H]1C[C@]2(CCC[N@@H+](Cc3cccnc3)C2)CO1,13
ZINC000096062983,COCC[N@H+]1CC[C@]2(CCCN(C(=O)c3cccnc3)C2)C1,13
ZINC000257205240,C[N@H+](CC(=O)N1CC[C@H](O)[C@]2(CCCO2)C1)C3CCCC3,13
ZINC000096224700,COCC[N@H+]1CCC[C@]2(CCN(Cc3cccc(C)n3)C2=O)C1,13
ZINC000072409728,O=C(NCc1n[nH]c(=O)c2ccccc12)[C@H]3NCCc4[nH]cnc43,14
ZINC000426652998,O=C(NCc1ccc2c(c1)CCO2)c3[nH]nc4c3CCC4,14
ZINC000053833264,Cc1cc(NC(=O)CCCc2nc3ccccc3[nH]2)n[nH]1,14
ZINC000072405250,O=C(NCCc1cnc[nH]1)c2[nH]nc3ccccc23,14
ZINC000070378675,Cc1cc(C(=O)N[C@@H](CCC(=O)O)c2ccccc2)[nH]n1,14
ZINC000244773775,O=C(Cc1n[nH]c2ccccc12)N[C@H](c3ccccc3)[C@H]4C[C@H](O)C4,14
ZINC000020719783,O=C1C[C@H](c2ccccc2)c3c[nH]nc3N1,14
ZINC000004715508,O=C(NCCc1ccc(Cl)cc1)c2ncn[nH]2,14
ZINC000000033906,CCC1=C[C@@](O)(C(F)(F)F)N(C(=O)CCc2ccccc2)N1,14
ZINC000004381148,COc1ccc(CNC(=O)c2ncn[nH]2)cc1,14
ZINC000067194160,COc1ccc(C(=O)CN2CCN(c3ccccc3F)CC2)cc1,15
ZINC000253427440,O=C(CCc1cnccn1)N2CCC[C@@H](Oc3ncccc3F)C2,15
ZINC000154616305,O=C(c1ccc(O)cc1F)N2CCCCC2,15
ZINC000000030130,C[C@H]1CN(C(=O)c2c(Cl)cccc2Cl)C[C@H](C)O1,15
ZINC000019934912,CCOC(=O)C1CCN(C(=O)Cc2cccc(F)c2)CC1,15
ZINC000079110182,O=C(c1cccc(F)c1F)N2CC[C@H](OCCN3CCOCC3)C2,15
ZINC000095409581,O=C(CC1CCN(Cc2ccc(F)cc2F)CC1)N3CCOCC3,15
ZINC000262910038,O=C(O)[C@H]1CN(C(=O)CCCOc2ccccc2F)CCO1,15
ZINC000019770525,Cc1cc(OCCCCN2CCOCC2)ccc1Cl,15
ZINC000095354597,O=C1COc2ccc(F)cc2N1C[C@@H]3CCCCO3,15
ZINC000408515146,Cc1cc(F)c(NC(=O)NCCCCCO)cc1Cl,16
ZINC000017742877,COc1ccccc1NC(=O)NCCCOC[C@H]2CCCO2,16
ZINC000006741057,CCCNC(=O)Nc1cccc(CC)c1,16
ZINC000025236531,Cc1cccc(NC(=O)NCC[C@@H]2CCCO2)c1,16
ZINC000049026947,Cc1ccc([C@H](O)CNC(=O)NCCc2ccccc2)o1,16
ZINC000007561181,CCc1ccccc1NC(=S)NCCOC,16
ZINC000014016904,COc1ccc(OCCNC(=O)Nc2ccc(F)cc2F)cc1,16
ZINC000000472184,COc1ccc(CCNC(=O)Nc2ccccc2OC)cc1,16
ZINC000001640225,CCCCOC(=O)c1ccc(NC(=O)NCCC)cc1,16
ZINC000058159488,C[C@H](O)c1ccc(CNC(=O)N[C@H]2CC[C@@H](O)CC2)cc1,16
ZINC000096950863,CC(C)(C)OC(=O)N1CCC(C[C@@H](O)C[NH3+])CC1,17
ZINC000091365924,CC(C)(C)OC(=O)N1CCC(Nc2cnccn2)CC1,17
ZINC000079408306,CC(C)(C)OC(=O)NC1CCN(CC[NH3+])CC1,17
ZINC000019415018,C[C@@H](NC(=O)OC(C)(C)C)C(=O)N1CCCCC1,17
ZINC000228910524,CC(C)(C)OC(=O)N[C@@H]1CCCN(c2cccc(C=O)c2)C1,17
ZINC000225522442,CC(C)(C)OC(=O)N1CC[C@H](NCc2cccnn2)C1,17
ZINC000051971681,CC1(C)C[C@H](C(=O)O)N(C(=O)OC(C)(C)C)C1,17
ZINC000079426914,CC(C)(C)OC(=O)N[C@@H]1CCN(C(=O)C[NH3+])C1,17
ZINC000015446503,CC(C)(C)OC(=O)N1CCC[C@@H](CC=O)C1,17
ZINC000038956719,CC(C)(C)OC(=O)N1CCC[C@@H](C(=O)n2ccnc2)C1,17
ZINC000003041697,CNC(=O)c1ccc(=O)n(Cc2ccc(Cl)cc2Cl)c1,18
ZINC000000093708,Cn1c(=O)[nH]c(=O)c2c1ncn2Cc3ccccc3F,18
ZINC000005303612,Cn1c(=O)c(C(=O)Nc2ccc(F)cc2)cc3cccnc31,18
ZINC000007784203,Cc1ccc(F)cc1NC(=O)Cn2c(=O)cnc3ccccc32,18
ZINC000077470011,O=C(c1ccc[nH]c1=O)N2CCCC[C@H]2c3ccc(F)cc3,18
ZINC000100650352,CC(=O)N[C@H]1C(=O)N(Cc2ccccc2Cl)c3ccccc31,18
ZINC000016848190,O=C(Nc1ccncc1)c2ccc(=O)n(Cc3ccc(F)cc3)n2,18
ZINC000024425864,Cc1ccn2c(=O)cc(Cn3cnc4cc(F)c(F)cc43)nc2c1,18
ZINC000095949674,Cc1cccc(N[C@@H]2CC(=O)N(c3ccc(F)cc3F)C2=O)c1,18
ZINC000002230123,Cn1c2ccc(F)cc2c3ncn(Cc4ccco4)c(=O)c31,18
ZINC000048179634,COc1ccccc1-c2cnn(CC(=O)Nc3cc(C)nn3C)c2,19
ZINC000000541289,COc1ccc(C2=NN(C(C)=O)[C@@H](c3ccccc3)C2)c(O)c1,19
ZINC000038790859,COc1ccc(C(=O)Cn2nc(-c3ccccc3)ccc2=O)cc1,19
ZINC000071853497,COc1c(Cl)cc(NC(=O)Cn2cccn2)cc1Cl,19
ZINC000000096556,COc1ccc(C=O)cc1Cn2nc(C)cc2C,19
ZINC000040512924,COc1ccc(OC)c([C@@H](C)NC(=O)CCn2cccn2)c1,19
ZINC000053175022,COc1ccccc1[C@@H](C)NC(=O)Cn2nc(C)cc2C,19
ZINC000020253864,COc1cc(C(C)=O)ccc1OCc2nnc(C)o2,19
ZINC000190203369,Cc1cc(OCC(=O)Nc2cc(C)nn2C)c3nc(C)ccc3c1,19
ZINC000008060259,CCc1nnsc1C(=O)Nc2ccccc2,20
ZINC000018176076_1,Cc1ccc(NC(=O)CSc2nc(C)n[nH]2)cc1,20
ZINC000009088501,CCc1nnc(NC(=O)c2ccccc2)s1,20
ZINC000004072384,Cc1nnc(NC(=O)c2c(F)cccc2F)s1,20
ZINC000012863180,Cc1ccc(-c2cc(CC(=O)Nc3nnc(C)s3)no2)cc1,20
ZINC000001276758,CCOC(=O)Cc1nnc(NC(=O)c2cccs2)s1,20
ZINC000017024013,Nc1nnc(SCc2ccccc2)s1,20
ZINC000004943088,Cc1nnc(SCc2nnc(-c3ccccc3)o2)o1,20
ZINC000000795796,Cc1cccc(C(=O)Nc2nnc(C)s2)c1,20
ZINC000032325823,Cc1cccc(-c2nc(CSc3nncs3)no2)c1,20
ZINC000077977782,Cc1ncnc2c1CCN(S(=O)(=O)c3cccs3)C2,21
ZINC000216324975,Cn1cnnc1C2CCN(Cc3ccc(S(C)(=O)=O)cc3)CC2,21
ZINC000060296896,Cc1ccc(S(=O)(=O)N2CCC(n3cncn3)CC2)cc1,21
ZINC000015729975,CS(=O)(=O)N1CCN(c2cc(-c3ccccc3)ncn2)CC1,21
ZINC000069631809,Cc1cc(S(=O)(=O)N2CCC[C@H]2c3cccnc3)ccc1F,21
ZINC000041122272,Cc1noc([C@@H]2CCCN(S(=O)(=O)c3ccccc3)C2)n1,21
ZINC000000029393,C[C@@H]1CCCN(S(=O)(=O)c2ccccc2)C1,21
ZINC000004704586,Cc1ccc([N+](=O)[O-])cc1S(=O)(=O)N2CCCCC2,21
ZINC000000264679,Cc1cc(S(=O)(=O)N2CCCCC2)c(Cl)cc1Cl,21
ZINC000091325320,Cn1c(Cn2ccnc2)nnc1C3CCN(S(C)(=O)=O)CC3,21
ZINC000013424681,CC(C)Oc1ccc(C=O)cc1C[NH+](C)C,22
ZINC000003416263,COc1ccc(C[N@H+](C)CC(=O)N[C@H](C)c2ccccc2)cc1OC,22
ZINC000055269552,CC[C@H](OC)C(=O)N(CC)CCOc1cccc(C)c1,22
ZINC000060776846,COc1ccc(CN(C)C(=O)c2cc(F)ccc2F)cc1,22
ZINC000002628831,COc1ccc(C(=O)N(C)CC(=O)Nc2ccc(C)cc2)cc1,22
ZINC000022858478,COc1cccc(C(=O)NC[C@@H](c2ccco2)N(C)C)c1,22
ZINC000005509909,COc1ccc(C(=O)N(C)Cc2ccccc2)cc1OC,22
ZINC000043638481,CCOC(=O)[C@H](C)N(C)Cc1ccccc1,22
ZINC000008040844,CC(C)Oc1ccc(C(=O)N(C)C)cc1,22
ZINC000017070016,COc1cccc(CNC(=O)N(C)Cc2ccccc2OC)c1,22
ZINC000097098690,Cc1ccc(S(=O)(=O)C[C@H](C)NC(=O)c2ccncc2)cc1,23
ZINC000035655449,CCS(=O)(=O)c1ccccc1C(=O)NC2CCCCC2,23
ZINC000195560808,C[C@H]1C[C@H](C)CC[C@H]1[NH2+]C[C@@H](C)[S@@](C)=O,23
ZINC000010511099,CCS(=O)(=O)c1ccc(C(=O)Nc2ccc(SC)cc2)cc1,23
ZINC000067561588,CC(C)N(CCc1ccccc1)C(=O)CS(C)(=O)=O,23
ZINC000042381861,C[C@H](Cc1ccco1)NC(=O)CCS(=O)(=O)c2ccccc2,23
ZINC000096439552,Cc1cc(C)cc(C[C@H](C)NC(=O)NCCCS(C)(=O)=O)c1,23
ZINC000242106199,C[C@@H]1[C@@H]([NH2+]Cc2ccc(CS(C)(=O)=O)cc2)CCC[C@H]1C,23
ZINC000071801208,Cc1ccc(C[S@](=O)CC(=O)Nc2cccc(F)c2)cc1,23
ZINC000044909239,CCCNC(=O)[C@@H](C)S(=O)(=O)Cc1cc(C(C)=O)ccc1OC,23
ZINC000005576461,Cc1cccc(OC(=O)Cc2ccc3c(c2)OCCO3)c1,24
ZINC000001581566,CC(=O)Oc1cc2c(cc1Cc3ccc4c(c3)OCO4)OCO2,24
ZINC000000034985,COc1cc(C=O)cc(OC)c1OC(=O)c2ccco2,24
ZINC000032620474,Cc1c(C(=O)c2ccccc2)c(=O)oc3cc(O)ccc13,24
ZINC000016041025,Cc1ccc(O[C@@H]2O[C@H](CO)[C@@H](O)[C@@H](O)[C@@H]2O)cc1,24
ZINC000000051035,O=c1cc(O)c2c(F)c(F)c(F)c(F)c2o1,24
ZINC000251986117,CO[C@@H]1O[C@H](C)[C@@H]2OC(C)(C)O[C@@H]2[C@H]1OC,24
ZINC000000180387,Cc1ccc(C(=O)COC(=O)c2cc3ccccc3oc2=O)cc1C,24
ZINC000018089184,O=C(C1=C(O)c2ccccc2C1=O)c3ccccc3,24
ZINC000000103696,COc1cc2cc(C(=O)O)c(=O)oc2cc1OC,24
ZINC000040510994,CC[N@H+]1CCC[C@@H]1CNC(=O)CCc2nc(-c3cccnc3)no2,25
ZINC000169676651,C1CCC(COCCc2noc([C@H]3CCC[NH2+]C3)n2)C1,25
ZINC000215678620,Cc1nc([C@H]2CCC[N@H+](Cc3cnc(-c4ccccn4)nc3)C2)no1,25
ZINC000067843040_1,CC[C@H]1CN(C(=O)c2cc(CN3CCOCC3)on2)CC[N@H+]1C,25
ZINC000012056802_1,CCCO[C@H]1CCC[N@@H+](Cc2nc(-c3ccc(OC)cc3)no2)C1,25
ZINC000095361776,Cc1noc(CN(C)C(=O)CC[C@H]2CCC[N@@H+](C)C2)n1,25
ZINC000046381650,Cc1cc(CN2CCN(C(=O)NCC[N@@H+]3CCC[C@H](C)C3)CC2)on1,25
ZINC000077247343,c1ccc(-c2noc(CCN3CC[NH+](C[C@H]4CCCO4)CC3)n2)cc1,25
ZINC000299756893,Cc1ccc(-c2noc(CNC(=O)C[N@@H+]3C[C@@H]4CC[C@H]3C4)n2)cc1,25
ZINC000053721326,Cc1noc(C)c1CCC(=O)N2CCC[N@@H+](Cc3ccccc3)CC2,25
ZINC000071538856,C[C@H]1Oc2ccc(S(=O)(=O)Nc3ccccc3)cc2NC1=O,26
ZINC000013058938,COc1cc(S(=O)(=O)Nc2ccccc2C)ccc1NC(C)=O,26
ZINC000000863576,COc1ccc(C)cc1S(=O)(=O)Nc2ccncc2,26
ZINC000000193558,COc1ccc(S(=O)(=O)Nc2c(C)cc(O)cc2C)cc1,26
ZINC000047461972,COc1ccc(CNS(=O)(=O)c2c(C)cc(OC)cc2C)cc1,26
ZINC000179643424,COc1ccc(S(=O)(=O)Nc2ccc([N+](=O)[O-])cc2)cc1C,26
ZINC000020461736,COc1ccc(S(=O)(=O)NCc2ccc(F)cc2)cc1C,26
ZINC000016577971,CCC(=O)Nc1cc(S(=O)(=O)NC)ccc1OC,26
ZINC000006730826,COc1ccc(S(=O)(=O)Nc2ccc(C)c(F)c2)cc1,26
ZINC000006152156,COc1ccc(NC(=O)c2ccccc2S(C)(=O)=O)cc1,26
ZINC000095963545,O=C(NCCc1nccs1)c2c(F)c(F)cc(F)c2F,27
ZINC000078917848,O=C1CC[C@@H](C(=O)NCCc2nc(C3CCCCC3)cs2)N1,27
ZINC000040529144,Cc1nc(CCNC(=O)c2scnc2C)cs1,27
ZINC000178812251,Cc1nc(C(=O)NCCOCc2ccccc2)c(C)s1,27
ZINC000016890588,CC(=O)Nc1nc(CC(=O)NC2CCCCC2)cs1,27
ZINC000041538638,Cc1csc(CNC(=O)c2ccccc2)n1,27
ZINC000022835775,O=C(Cc1csc(-c2ccccc2)n1)NC[C@H]3CCCO3,27
ZINC000069457670,Cc1cccc(CCNC(=O)NCc2nc(C)cs2)c1,27
ZINC000012514835,O=C(CCCc1nc2ccccc2s1)NCc3cccnc3,27
ZINC000004599393,C[C@@H](NC(=O)CCC(=O)NCc1cccs1)c2ccccc2,27
ZINC000000973337,Cc1cc(C(=O)O)c2c(ccc3ccccc32)n1,28
ZINC000045038425,COc1ccc(C(=O)c2ccnc(C)c2)cc1,28
ZINC000065347636,O=C(O)c1cc(=O)[nH]cc1-c2c(F)cccc2F,28
ZINC000105833764,Cc1cccc2c1N[C@H](C(=O)O)[C@H]3CC=C[C@@H]23,28
ZINC000041262102,O=C(O)c1ccnc(-c2ccccc2Cl)c1,28
ZINC000095724139,Cc1cc(Br)ncc1OC2CC2,28
ZINC000065347345,COc1cccc(-c2cnc(Cl)c(C(=O)O)c2)c1,28
ZINC000004384259,COc1cccc2cc(C(=O)O)c(C)nc12,28
ZINC000040448937,CCOC(=O)c1c(Cl)ccnc1Cl,28
ZINC000065459635,COc1ccc(F)c(-c2ncccc2F)c1,28
ZINC000171959706,CNC(=O)[C@@H]1CCC[N@@H+](Cc2nc3ccccc3n2C)C1,29
ZINC000216922738,Cc1nccn1-c2ccccc2CNC(=O)[C@H]3CC[N@H+](C)CC3,29
ZINC000000509320,Cc1ccc2[nH]c3c(c2c1)CN(C(=O)C[N@@H+]4CCC[C@H](C)C4)CC3,29
ZINC000097272356,COCCC[N@@H+]1CC[C@@H](CNC(=O)c2c(C)nc3cc(C)ccn23)C1,29
ZINC000361796568,Cc1[nH+]ccn1CCCNC(=O)N2CCc3c([nH]c4ccccc34)C2,29
ZINC000067713291_1,CN(CCc1nc2ccc(F)cc2[nH]1)C(=O)CC[C@H]3CCCC[N@@H+]3C,29
ZINC000095520354,CN(CCCc1nccn1C)C(=O)[C@@H]2CCC[N@@H+](Cc3ccco3)C2,29
ZINC000071893286,Cc1[nH+]ccn1CCCNC(=O)[C@@H]2CCCCN2Cc3cccnc3,29
ZINC000096223807,CN1CC[C@@]2(CCC[N@@H+](Cc3cccn3C)C2)C1=O,29
ZINC000016334950,CC(=O)N1CCN(CC(=O)NCc2cccs2)CC1,30
ZINC000069925323,Cc1ccc(CNC(=O)[C@H]2CSCN2C(=O)C3CCCC3)cn1,30
ZINC000244602100,Cc1csc(CCCNC(=O)CC[C@H](C)[NH+]2CCOCC2)n1,30
ZINC000097553214,Cc1nc(C(=O)NCC[C@H]2CCC[N@@H+]2C)c(C)s1,30
ZINC000046862139,C[C@H]1CCC[N@H+](CCNC(=O)Cc2cccs2)C1,30
ZINC000025941670_1,C[C@@H](CNC(=O)c1cc2c(s1)CCC2)[N@H+]3CCc4ccccc4C3,30
ZINC000044967460,Cc1csc(CNC(=O)NCC[N@H+]2CCCC[C@@H]2C)n1,30
ZINC000056808808,Cc1ccsc1C(=O)N[C@H]2CC[N@H+](CC(=O)N3CCCC3)CC2,30
ZINC000096055641,Cc1nc(CN2C(=O)C[C@@H]3[C@@H]2CC[N@@H+]3Cc4ccncc4)cs1,30
ZINC000065406108,Cc1ncc(C(=O)NCC[N@H+]2CCCC[C@@H]2C)s1,30
ZINC000000392349,Nc1ncncc1-c2ccccc2Cl,31
ZINC000019920588,Fc1cccc(NCc2cccnc2)c1,31
ZINC000000169620,N#C[C@H](c1ccccc1)c2cccc(Cl)n2,31
ZINC000006545985,Cc1cc(Nc2ccccc2)[nH]c(=S)n1,31
ZINC000089202955,c1ccc2[nH]c(-c3ccnc4[nH]cnc34)cc2c1,31
ZINC000002455290,Cc1nc2c(ccc3nc(N)sc32)s1,31
ZINC000003440231,C[C@H](C#N)Sc1ncnc2ccccc12,31
ZINC000019046102,Brc1cnc2[nH]cc(Br)c2c1,31
ZINC000014983462,Brc1ccc2c(Br)[nH]nc2c1,31
ZINC000011907751,Cc1cc(Nc2cccc(C)c2C)nc(C)n1,31
ZINC000001972419,COc1ccccc1NC(=O)COC(=O)c2ccc(F)cc2,32
ZINC000001961833,Cc1ccccc1NC(=O)COC(=O)c2ccccc2C,32
ZINC000014738366,Cc1ccccc1NC(=O)COc2cccc(F)c2,32
ZINC000048610166,Cc1cc(OCC(=O)N[C@H](C)C(C)C)cc(C)c1Cl,32
ZINC000003487324,Cc1ccccc1C(=O)OCC(=O)Nc2ccc(F)cc2F,32
ZINC000006786856,COc1cccc(CNC(=O)COc2ccccc2F)c1,32
ZINC000008082384,COc1ccc(C)cc1NC(=O)CNC(=O)c2ccccc2F,32
ZINC000003397118,Cc1ccc(Cl)cc1NC(=O)COC(=O)c2cccnc2Cl,32
ZINC000001960527,COc1ccccc1NC(=O)COC(=O)c2ccc(C)cc2,32
ZINC000000575875,CC(=O)Nc1ccc(OCC(=O)Nc2ccccc2C)cc1,32
ZINC000035112519,C[C@H](O)C[NH2+][C@H]1CCCC[C@@H]1C(C)(C)C,33
ZINC000037214681,CCOCCC[NH2+][C@@H](C)C1CCCCC1,33
ZINC000037485779,CCCC[N@@H+](C)C[C@@H](O)c1ccccc1,33
ZINC000002499019,C[C@H](CCc1ccccc1)[NH2+]C[C@@H]2CCCO2,33
ZINC000000157266,O[C@H](C[NH2+]C1CCCCC1)c2ccccc2,33
ZINC000096033494,C[C@@H]1OCC[C@@H]1[NH2+]Cc2ccc(Cl)cc2,33
ZINC000037693956,CC(C)C[N@@H+](C)C[C@@H](O)c1ccccc1,33
ZINC000001684761,CCCCC[NH+](CCCCC)CC(=O)OCC,33
ZINC000087358719,C[C@@H](CCCO)[NH2+]Cc1ccccc1Cl,33
ZINC000044655517,COCCCC[NH2+][C@H](C)c1cccs1,33
ZINC000012380153,CC(=O)c1ccc(NC(=O)c2c[nH]c3ccccc3c2=O)cc1,34
ZINC000044585771,CC(=O)Nc1cccc(OCc2cccnc2)c1,34
ZINC000007738492,COc1ccccc1NC(=O)c2ccc3[nH]cnc3c2,34
ZINC000223268250,COc1ccc([C@@H](NC(=O)c2cccnc2C)[C@H]3C[C@@H](O)C3)cn1,34
ZINC000000364452,COc1ccc(OC)c(NC(=O)c2ccccn2)c1,34
ZINC000006088454,COC(=O)c1c-2c3c(cccc3[nH]c1=O)C(=O)c4ccccc42,34
ZINC000017168521,COc1cc(C(=O)NCc2ccncc2)ccc1C,34
ZINC000408980710,COc1ccc(Nc2ncc(C)c(=O)[nH]2)cc1,34
ZINC000189428143,COc1cc(NC(=O)c2ccncc2)ccc1F,34
ZINC000044119491,COc1ccccc1-c2cc(N)nc(C)n2,34
ZINC000047339712,O=C(CCc1ccccc1F)NC[C@@H]2CCCO2,35
ZINC000237615357,C[C@H](NC(=O)CCc1ccc(C(=O)O)cc1)[C@H]2CCCO2,35
ZINC000013092193,Cc1ccc(C(=O)NCc2ccc(C(=O)O)cc2)o1,35
ZINC000075155601,O=C(Cc1cccs1)NC[C@@H](O)C2CCCCC2,35
ZINC000000474480,C[C@@H](NC(=O)[C@@H]1CCCO1)c2ccccc2,35
ZINC000014396827,Cc1ccc(OCCCC(=O)NC[C@H]2CCCO2)cc1,35
ZINC000040515544,Cc1ccc([C@@H](O)CNC(=O)c2ccc(C)o2)cc1,35
ZINC000013608599,Cc1ccc(CCC(=O)NC[C@@H]2CCCO2)cc1,35
ZINC000033019415,Cc1cccc(C(=O)NCC(=O)NC[C@@H]2CCCO2)c1,35
ZINC000003620057,Cc1ccc(C(=O)OCC(=O)NCCc2ccccc2)s1,35
ZINC000035311413,O=C(NC1CCN(C(=O)C[NH+]2CCCCC2)CC1)c3ccccc3F,36
ZINC000058419682,O=C(CCc1cc(F)ccc1F)N2CCC[C@H]2C[NH+]3CCCC3,36
ZINC000004680959,CN1CCN(C(=O)[C@H]2CC[N@H+](Cc3ccccc3F)CC2)CC1,36
ZINC000097084225,CC(=O)N1CC[NH+]([C@H](C)CCc2cccc(F)c2)CC1,36
ZINC000157898350,C[C@@H](CCc1ccccc1F)C(=O)N2CCC[C@H]([NH3+])C2,36
ZINC000069570835,C[N@H+]1CCCC[C@@H]1CN2CCN(C(=O)Nc3cccc(F)c3)CC2,36
ZINC000023545894,C[C@@H](NC(=O)C1CCN(C(=O)C2CC2)CC1)c3ccc(F)cc3F,36
ZINC000006528752,NC(=O)C1CCN(C(=O)Nc2ccccc2F)CC1,36
ZINC000068973363,C[C@H](C(=O)N1CCCC1)[N@@H+]2CCCN(Cc3ccccc3F)CC2,36
ZINC000016580637,O=C(NCC[NH+]1CCCCC1)c2c(F)c(F)c(F)c(F)c2F,36
ZINC000071754957,COCCCNC(=O)Cc1ccc(Cl)cc1F,37
ZINC000097136697,O=C(Cc1ccccc1F)NC[C@@H](O)Cc2ccc(F)cc2F,37
ZINC000000040300,O=C(O)CCCC(=O)Nc1cc(F)c(F)cc1F,37
ZINC000022594987,O=C(CCNC(=O)c1ccc(F)cc1F)NC2CCCC2,37
ZINC000032745059,O=C(NCCc1cccc(F)c1)C2CCCC2,37
ZINC000028210737,CC[C@@H](C)NC(=O)c1cc(F)ccc1F,37
ZINC000046483182,CNC(=O)COC(=O)CCc1cccc(Cl)c1Cl,37
ZINC000299753333,Cc1ccc(CNC(=O)[C@H]2C[C@@H]2C(=O)O)cc1F,37
ZINC000219623174,O=C(NCCCc1ccccc1F)[C@H]2CCC[C@@H](O)C2,37
ZINC000005630759,O=C(NCc1ccccc1F)c2ccc(F)cc2,37
ZINC000096186403,O=C1CC[C@H]2[C@H](CC[N@H+]2[C@H]3CCOC3)N1Cc4ccncc4,38
ZINC000096248708,O=C(NCc1cccnc1)N2C[C@@H]3OCC[N@@H+](CC4CCCC4)[C@@H]3C2,38
ZINC000038832718,O=C([C@@H]1CCC[N@H+](Cc2ccccc2)C1)N3CCOCC3,38
ZINC000048479956,Cc1cccc2nc(C(=O)N3CCC(C[NH+]4CCOCC4)CC3)cn12,38
ZINC000096041258,O=C([C@H]1C[C@H]2OCC[C@H]2[N@@H+](CCc3ccccc3)C1)N4CCCCO4,38
ZINC000096228397,O=C(Cc1ccccc1)N2CCC[C@@]3(C[C@H](C[NH+]4CCCC4)CO3)C2,38
ZINC000025355848,O=C(CN1CC[NH+](CCc2ccccc2)CC1)NC[C@H]3CCCO3,38
ZINC000022241679,O=C(NCc1ccco1)[C@H]2CC[N@H+](Cc3ccccn3)CC2,38
ZINC000096054391,O=C(c1cccs1)N2C[C@@H]3OCCN(CC[NH+]4CCCC4)[C@@H]3C2,38
ZINC000096246131,O=C(c1cccnc1)N2C[C@H]3C[N@H+](C[C@@H]4CCCO4)CC[C@H]3C2,38
ZINC000000467067,COc1ccc(OCc2nc(-c3ccccc3)no2)cc1,39
ZINC000053643232,Cc1cccc(OCCCNC(=O)c2cc(C)on2)c1,39
ZINC000004843340,Cc1cccc(C(=O)NCc2nc(-c3ccccc3)no2)c1,39
ZINC000084025567,COc1ccc(C(=O)Nc2c(C)noc2C)cc1,39
ZINC000004920705,Cc1ccc(-c2noc(CCC(=O)NC3CCCCC3)n2)cc1,39
ZINC000097047504,C[C@H](NC(=O)c1cccc(Cl)c1F)c2ncon2,39
ZINC000003564242,CC(=O)c1ccccc1NC(=O)COC(=O)c2c(C)noc2C,39
ZINC000033145117,C[C@H](NC(=O)[C@@H]1CC(c2ccccc2)=NO1)c3ccccc3,39
ZINC000004867472,Cc1ccc(-c2noc(CNC(=O)c3ccccc3F)n2)cc1,39
ZINC000058329721,Cc1cccc(C(=O)N[C@H](c2ccccc2)c3nc(C)no3)c1,39
ZINC000000073901,C[C@H](CC(=O)NC1CCCC1)c2ccccc2,40
ZINC000003089785,O=C(O)CCCCCNC(=O)CCc1ccccc1,40
ZINC000000030067,CC(=O)Nc1ccc(C(=O)NC2CCCCC2)cc1,40
ZINC000021224001,Cc1cccc(C(=O)NCCC(=O)N[C@H]2CCCC[C@H]2C)c1,40
ZINC000170568829,C[C@H](NC(=O)CCCC(=O)c1ccccc1)C(=O)O,40
ZINC000408707837,C[C@@H](CNC(=O)C(=O)NCCCCCO)c1ccccc1,40
ZINC000001452385,Cc1ccc(C(=O)NCC(=O)NC2CCCCC2)cc1,40
ZINC000012136954,O=C(CCC(=O)OCCCc1ccccc1)NC2CCCCC2,40
ZINC000037561226,Cc1ccccc1C(=O)N[C@H]2CC[C@@H](C(=O)O)CC2,40
ZINC000006699261,Cc1ccc(CC(=O)NCC2CCCCC2)cc1,40
ZINC000013647040,Cc1ccc(CCCNS(=O)(=O)c2ccc3c(c2)OCCO3)cc1,41
ZINC000000364075,Cc1ccccc1S(=O)(=O)NC2CCCCC2,41
ZINC000225435390,O=S(=O)(Cc1ccccc1F)NCCSC2CCCC2,41
ZINC000000078012,Cc1ccc(S(=O)(=O)NCC(=O)O)cc1,41
ZINC000217595605,CCC[C@H](C)Nc1ccc(S(=O)(=O)NCCCO)cc1C(=O)O,41
ZINC000013938890,CCCC[C@@H](CC)CNS(=O)(=O)Cc1ccccc1,41
ZINC000004218890,CC(=O)c1ccc(S(=O)(=O)NC[C@@H]2CCCO2)cc1,41
ZINC000002093591,CCOc1ccc(S(=O)(=O)NCCOC)cc1,41
ZINC000000464114,NS(=O)(=O)c1ccc(CCNC(=O)CCC2CCCCC2)cc1,41
ZINC000006490410,COc1ccc(OC)c(/C=C\2/NC(=S)N(C)C2=O)c1,42
ZINC000012625265,CCN1C(=O)/C(=C\C=C\c2ccccc2)/SC1=S,42
ZINC000408930349,C/N=C\1/S/C(=C/c2c(C)cc(C)cc2C)/C(=O)N1C,42
ZINC000001452319,COc1ccccc1/C=C/2\SC(=O)NC2=O,42
ZINC000001449249,C=CCN1C(=O)/C(=C\c2ccc(OC)cc2OC)/SC1=S,42
ZINC000004691374,Cc1ccc(/C=C\2/SC(=O)N(CC(=O)O)C2=O)cc1,42
ZINC000005157846,COc1cccc(N2C(=O)/C(=C/c3cccn3C)/SC2=S)c1,42
ZINC000001711081,Cc1ccc(/C=N/N2C(=O)CSC2=S)cc1,42
ZINC000001088586,O=C\1NC(=S)S/C1=C\c2ccccc2,42
ZINC000001199652,O=C1S[C@H](Nc2ccccc2)C(=O)N1c3ccccc3,42
ZINC000041122276,Cc1noc([C@@H]2CCCN(C(=O)Cc3ccc(Cl)cc3)C2)n1,43
ZINC000244691008,Cc1nc(CCN(C)C(=O)CC[C@@H](C)N2CCOCC2)no1,43
ZINC000230198271,Cc1ccccc1-c2noc(CN3CCO[C@H]4CCCC[C@@H]43)n2,43
ZINC000072363897,Cc1nc(C2CCN(C(=O)c3cccnc3)CC2)no1,43
ZINC000091780553,COc1ccccc1CN2C[C@H](c3nc(C)no3)CCC2=O,43
ZINC000237705630,Cc1ccccc1-c2nc(CN3CCC[C@@H]3C(=O)O)no2,43
ZINC000257342866,Cc1noc(C)c1-c2cnc(C[C@@H]3CCN(C(=O)C(C)C)C3)cn2,43
ZINC000072385279,Cc1nc([C@@H]2CCCN2C(=O)c3cnccn3)no1,43
ZINC000040468624,Cc1cc(CN2CCN(C(=O)[C@H]3CCCO3)CC2)on1,43
ZINC000069464180,Cc1noc([C@H](C)N2CCN(CCc3ccccn3)CC2)n1,43
ZINC000020247484,COc1ccc(NC(=O)Cn2cc([N+](=O)[O-])cn2)c(OC)c1,44
ZINC000003899175,O=C1c2ccc([N+](=O)[O-])cc2C(=O)N1c3ccc([N+](=O)[O-])cc3,44
ZINC000033028556,Cc1c(NC(=O)c2ccc(=O)[nH]n2)cccc1[N+](=O)[O-],44
ZINC000000472010,C[C@@H](C(=O)Nc1ccc2c(c1)OCO2)c3ccc([N+](=O)[O-])cc3,44
ZINC000004603600,COc1ccc(C(=O)Nc2nc(C)cs2)cc1[N+](=O)[O-],44
ZINC000409191967,COc1ccc(/C=C\2/NC(=O)N(C)C2=O)cc1[N+](=O)[O-],44
ZINC000092262038,COc1cc([N+](=O)[O-])ccc1OCc2ncn(-c3ccccc3)n2,44
ZINC000224062206,Cc1c(NC(=O)c2cnco2)cccc1[N+](=O)[O-],44
ZINC000004841351,COc1ccc(NC(=O)c2cccnc2)cc1[N+](=O)[O-],44
ZINC000007719390,Cc1ccc(NC(=O)Cn2c(=O)cnc3ccccc32)c([N+](=O)[O-])c1,44
ZINC000084102146,COCC1CCN(C(=O)Cn2nc(C)cc2C)CC1,45
ZINC000036868975,Cc1cc(C)n(CC(=O)N2CCC(C(=O)O)CC2)n1,45
ZINC000096197751,CCOC[C@@H]1c2c(cnn2C)CCN1C(=O)CCc3ccccc3C,45
ZINC000022225477,Cc1nn(CCC(=O)N2CCN(C)CC2)c(C)c1Cl,45
ZINC000132182280,CCOC(=O)c1cnn(C)c1CN2CCCC[C@H]2C,45
ZINC000028219011,CCn1nccc1CN(C)C(=O)CCc2ccccc2,45
ZINC000257227216,CNC(=O)[C@@H]1CN(C(=O)Cn2nc(C)cc2C)CCN1C,45
ZINC000048273064,COc1ccc(OC)c(CN2CCN(C(=O)Cn3cccn3)CC2)c1,45
ZINC000220720279,Cc1nn(CCC(=O)N2CCN(C)C(=O)[C@H]2C)c(C)c1C,45
ZINC000244678978,Cc1cc(C)n(CCC(=O)N(Cc2ccncc2)C[C@@H]3CCCO3)n1,45
ZINC000096061724_1,Cn1cc(C[C@H]2[C@H](N3CCOCC3)CC[N@H+]2Cc4nccs4)cn1,46
ZINC000306141061,Cc1noc(C)c1CN2C[C@@H]3[C@H](C[NH+]4CCCC4)CO[C@H]3C2,46
ZINC000051538448,C[C@@H](c1ccccc1Cl)N2CC[NH+](C[C@@H](O)Cn3cccn3)CC2,46
ZINC000426662420,OCCn1ccc([C@@H]2CCC[N@H+](Cc3cc4ccccc4[nH]3)C2)n1,46
ZINC000107202097,CN(Cc1ccco1)C[C@@H]2OC[C@H]3C[N@H+](Cc4cnn(C)c4)CC[C@H]32,46
ZINC000299788087,c1coc(CCC[N@H+]2CC[C@@H]3OCc4cnnn4[C@H]3C2)c1,46
ZINC000095376683,COCC[N@@H+]1CCC[C@H](c2nnc(C[n+]3cc[nH]c3C)n2C)C1,46
ZINC000072470120,COCC[N@@H+]1CCC[C@H](CN(C)c2cc(C)nc3cc(C)nn23)C1,46
ZINC000214953596,COc1ccccc1[C@H]2CCC[N@H+]2Cc3cn(CCO)nc3C,46
ZINC000091604734,Cc1cnn(CCC[N@@H+]2C[C@@H](C(=O)O)[C@@H](c3ccccc3C)C2)c1,46
ZINC000009315261,Cc1ccc(C(=O)Nc2cccc(C(N)=O)c2)cc1,47
ZINC000002895947,Cc1ccccc1NC(=O)c2ccco2,47
ZINC000016031040,CC(=O)N[C@@H](C(=O)Nc1cccc(C)c1C)C(C)C,47
ZINC000000617907,COC(=O)c1cccc(NC(=O)c2ccccc2C)c1,47
ZINC000004702086,Cc1ccc(C(=O)NC(C(C)C)C(C)C)cc1,47
ZINC000000406166,Cc1ccccc1C(=O)NC(=S)Nc2ccccc2,47
ZINC000010029834,CC(=O)Nc1cccc(C(=O)Nc2ccccc2F)c1,47
ZINC000000398569,CC(=O)Nc1ccc(NC(=O)Nc2ccccc2F)cc1,47
ZINC000006743403,Cc1cccc(C(=O)Nc2cccc(C(=O)O)c2C)c1,47
ZINC000000295704,CC(=O)N[C@@H](C)c1ccc(Cl)c(Cl)c1,47
ZINC000071763725,Cc1cccc(=O)n1CCC(=O)NC[C@@H]2Cc3ccccc3C[N@@H+]2C,48
ZINC000075118349,Cc1ccc(C(=O)N2CC[NH+](Cc3ccccc3C)CC2)c(=O)[nH]1,48
ZINC000055090030,Cc1cc2ccccc2n1CCC(=O)NCCCN3CCNC(=O)C3,48
ZINC000253536807,CC(=O)N[C@@H]1CCCN(CCn2c(=O)cc(C)[nH]c2=O)C1,48
ZINC000153787509,C[C@@H]1CN(C(=O)CCn2cnc3ccccc3c2=O)C[C@@H](C)N1,48
ZINC000253536661,Cc1cc(=O)n(CC[N@H+]2C[C@H]3[C@H]4CC[C@H](C4)[C@H]3C2)c(=O)[nH]1,48
ZINC000000527049,C[C@@H]1CCCN(Cc2nc3c(=O)n(C)c(=O)n(C)c3[nH]2)C1,48
ZINC000024614901,O=C(CCCn1cnc2ccccc2c1=O)NCc3ccccn3,48
ZINC000012528033,CCCCN(CC)C(=O)CCn1c(=S)[nH]c2ccccc2c1=O,48
ZINC000021658487,Cc1nc2c(c(=O)[nH]1)CC[N@H+](Cc3ccccc3)C2,48
ZINC000016758140,c1nc(NCc2ccc3c(c2)OCCO3)c4nc[nH]c4n1,49
ZINC000329065359,CNc1nc(NCCc2ccccn2)cc(-c3cccnc3)n1,49
ZINC000328974865,OCCNc1nc(NCc2ccccc2)cc(-c3ccncc3)n1,49
ZINC000040863189,COc1cccc(CNc2ccncn2)c1,49
ZINC000071922317,OC[C@@H](Cc1c[nH]c2ccccc12)Nc3ncnc4ccccc34,49
ZINC000066796324,O[C@H]1CC[C@H](Nc2nc(-c3ccncc3)nc4c2CCC4)CC1,49
ZINC000001840706,Cc1ccc(-c2csc3ncnc(NCCO)c23)cc1,49
ZINC000037756751,Cc1cc(NCc2cccc(C(=O)O)c2)nc(C)n1,49
ZINC000000536861,Cc1nc(NC[C@@H]2CCCO2)c3oc4ccccc4c3n1,49
ZINC000095073207,O=S(=O)(C[C@H]1CCC[NH2+]C1)c2cnccn2,50
ZINC000252548847,C[C@H]1C[N@H+](C[C@H]2CCN(S(C)(=O)=O)C2)CCO1,50
ZINC000085795842,C[N@@H+](CCc1ccccc1F)C[C@@H]2CCCN(S(C)(=O)=O)C2,50
ZINC000085796230,C[N@@H+](CCn1cccn1)C[C@H]2CCCN(S(C)(=O)=O)C2,50
ZINC000036103535,CS(=O)(=O)N1CCC(C[NH+]2CCOCC2)CC1,50
ZINC000096184489_1,CS(=O)(=O)N1CC[C@@H]2[C@@H]1CC[N@H+]2Cc3ccccn3,50
ZINC000085786974,C[N@H+](CCc1ccccc1)C[C@@H]2CCCN(S(C)(=O)=O)C2,50
ZINC000067896373,COc1cc(S(=O)(=O)NC[C@@H]2CCC[N@@H+](C)C2)c(C)cc1C,50
ZINC000048341233,Cc1cc(F)ccc1S(=O)(=O)NCCC[NH+]2CCCC2,50
ZINC000096187312,CS(=O)(=O)NC[C@H]1OC[C@H]2C[N@@H+](Cc3cccs3)CC[C@@H]12,50
ZINC000344371246,C[C@@H](CN(C)CC[C@@H]1CCCC[N@H+]1C)c2nccs2,51
ZINC000019900096,CC[C@H](C)N1CC[NH+](CCCc2ccccc2)CC1,51
ZINC000293407697,C[C@H]1C[N@H+](Cc2ccccc2)C[C@@H](C)N1C,51
ZINC000095520136,Clc1ccc(CN2CCC[C@H]([NH+]3CCCC3)C2)cc1,51
ZINC000019636950,CCN(CC)CC[N@@H+](C)[C@H](C)CCc1ccccc1,51
ZINC000097212700_3,C[C@@H]1C[C@@H]([N@@H+](C)CCC2CCCCC2)CC[N@@H+]1C,51
ZINC000095937384,[NH3+][C@@H](CCN1CC[NH2+]CC1)c2ccccc2,51
ZINC000072363345,C[N@@H+]1CCC[C@H](Cc2cncc(Cl)n2)C1,51
ZINC000008691195,C[C@@H]1CCCN(C(=S)NCc2ccccc2)C1,51
ZINC000002884757,C[C@@H](c1ccccc1)[N@@H+]2CC[C@H](C[NH3+])C2,51
ZINC000011702673_1,Cc1cccc(CSc2nc(C)n[nH]2)c1,52
ZINC000004858101,COc1ccc(Cc2nnc3sc(-c4ccccc4)nn23)cc1,52
ZINC000003338721,Cc1ccc(-n2c(C)nnc2SCC(=O)O)cc1,52
ZINC000003285955,Cc1nnc(SCC#N)n1-c2ccccc2,52
ZINC000000412785,Cn1c(SCc2ccccc2)nnc1-c3ccco3,52
ZINC000000386254,Cn1cnnc1SCc2ccccc2F,52
ZINC000193008494,COc1cccc(-n2ccnc2SCc3cnn(C)c3)c1,52
ZINC000014197359,Cc1ccc(C(=O)CSc2nnc3ccccn23)cc1,52
ZINC000032691795,Cn1c(Cc2ccccc2)nnc1SC[C@H]3CCCO3,52
ZINC000000285700,COc1ccc(C(=O)CSc2nnc(C)[nH]2)cc1,52
ZINC000040769084,Cc1ccc2cnn(CCC(=O)NCCN3CCOCC3)c2c1,53
ZINC000095364044,O=c1cc(N2CCc3ccccc3C2)cnn1CC[C@@H]4CCOC4,53
ZINC000054262569,O=C(O)C1CCN(C(=O)Cn2ncc3ccccc32)CC1,53
ZINC000069200881,O=C(Nc1ccc(Cn2cccn2)cc1)N3CCOCC3,53
ZINC000060308009,O=C(Nc1ccn(Cc2ccccn2)n1)c3ccc4c(c3)OCCO4,53
ZINC000019924968,Cc1cc(NC(=O)CN2CCOCC2)n(-c3ccccc3)n1,53
ZINC000108106976,O=C(CCn1cccn1)N2C[C@@H]3OCCN(Cc4ccccc4)[C@@H]3C2,53
ZINC000021525950,O=C(Cn1ncn2cccc2c1=O)NC[C@H]3CCCO3,53
ZINC000042387873,O=C(c1cc[nH]n1)N2CCN(CCOc3ccccc3)CC2,53
ZINC000257275412,O=C(CCc1ccccc1F)N2CCOC[C@@H]2c3cc[nH]n3,53
ZINC000069625719,Cc1cc(N2CCC(N(C)C(=O)C3CCCCC3)CC2)nc(C)n1,54
ZINC000009469051,Cc1cccc(N2CCN(C(=O)NCc3ccccn3)CC2)c1,54
ZINC000007903580,O=C(Nc1ccccc1)C2CCN(c3ncccn3)CC2,54
ZINC000072365055,CC(=O)N1CCN(c2cc(C[C@H]3CCC[NH2+]C3)ncn2)CC1,54
ZINC000006747238,O=C(Nc1ccc(F)cc1)[C@@H]2CCCN(c3cnccn3)C2,54
ZINC000044534502,C[C@@H]1C[C@@H](C)C[NH+](CCNC(=O)C2CCN(c3ncccn3)CC2)C1,54
ZINC000040862655,O=C(O)C1CCN(c2ccncn2)CC1,54
ZINC000224167931,Cc1ccc(C(=O)NCc2nccc(N3CCOCC3)n2)cc1,54
ZINC000065542264,CC(=O)N[C@@H]1CCCN(C(=O)Nc2cccnc2)C1,54
ZINC000022472509,Cc1ccc(C(=O)Nc2ccc(N3CCCCC3)nc2)cn1,54
ZINC000004518389,Cc1nnc(SCC(=O)Nc2ccccc2)n1-n3cccc3,55
ZINC000006698896,Cc1nnc(SCC(=O)N[C@@H](C)c2ccccc2)n1C(C)C,55
ZINC000006519942,CCn1c(CCNC(=O)c2ccc(C)cc2)n[nH]c1=S,55
ZINC000054194919,Cc1cc(C(=O)Nc2nncs2)c(C)n1Cc3cccs3,55
ZINC000035292010,NC(=O)CSc1nnc(-c2ccccc2)n1C[C@@H]3CCCO3,55
ZINC000156010139,C[C@H]1N=NC(=S)N1CCNC(=O)[C@H](c2ccccc2)C3CC3,55
ZINC000006726819,CCn1c(Cc2ccc(OC)cc2)nnc1SCC(N)=O,55
ZINC000002636110,Cc1cccc(-c2nnc(SCC(=O)N3CCCC3)n2C)c1,55
ZINC000005359702,C[C@H](NC(=O)CSc1nccn1C)c2ccccc2,55
ZINC000008884672,C[C@@H](Sc1n[nH]c(=O)n1Cc2ccccc2)C(=O)NC3CCCC3,55
ZINC000299796825,Cc1nn(C)c(C)c1[C@H](C)NC(=O)CCN2CC[NH+](C)CC2,56
ZINC000060548757,C[C@@H](C(=O)NCc1ccc(C[N@H+]2CCC[C@@H](C)C2)cc1)n3cncn3,56
ZINC000069841956_1,Cc1cccc(CC(=O)N2CCC[N@H+](Cc3cnn(C)c3)CC2)c1,56
ZINC000067846685,Cc1c(C(=O)NCC[C@@H]2CCC[N@H+](C)C2)cnn1-c3ccccn3,56
ZINC000096074036,Cn1cc(C[N@H+]2CCC[C@]3(CCN(c4cccnc4)C3=O)C2)cn1,56
ZINC000096084527,Cn1nc(C[NH+]2CCCCC2)c3c1CN(C(=O)c4c[nH]cn4)C3,56
ZINC000020410637,Cc1ccccc1C[NH+]2CCN(C(=O)c3c(Cl)cnn3C)CC2,56
ZINC000306138187,O=C(NCC[C@H]1C[N@H+](C2CCCC2)Cc3ccnn31)c4cnccn4,56
ZINC000253599555,Cc1cc(C(=O)N2Cc3ccnn3[C@@H](C[NH+]4CCCC4)C2)sc1C,56
ZINC000058144866,C[C@H]1CCCC[N@@H+]1CCNC(=O)c2cnn(C(C)(C)C)c2,56
ZINC000004660698,O=C(c1ccc(N2CCCCC2)c([N+](=O)[O-])c1)N3CCCCC3,57
ZINC000006733652,O=C(O)c1cccc([N+](=O)[O-])c1N2CCCCC2,57
ZINC000004140715,O=[N+]([O-])c1ccc(N2CC[NH2+]CC2)cc1NC[C@H]3CCCO3,57
ZINC000076066622,Cc1cc([N+](=O)[O-])ccc1C(=O)N2CCC[C@H]2CN3CCOCC3,57
ZINC000004248045,O=[N+]([O-])c1cc(-n2cccc2)ccc1N3CCOCC3,57
ZINC000089884897,O=[N+]([O-])c1cnccc1N2CCC[C@H](c3nnc[nH]3)C2,57
ZINC000004170515,C[C@H]1CC[C@H]([NH+]2CCN(Cc3ccccc3[N+](=O)[O-])CC2)CC1,57
ZINC000007780818,COc1cc(NC(=O)CN2CCCCC2)c(C)cc1[N+](=O)[O-],57
ZINC000067419366,CC(=O)NC[C@H]1CCCN(Cc2ccccc2[N+](=O)[O-])C1,57
ZINC000097045562,Cn1ncc([N+](=O)[O-])c1C(=O)Nc2ccc(C[NH+]3CCCC3)cc2,57
ZINC000072419631,CC(=O)N1CC[NH+](C[C@H]2CC[C@@H](Cc3ccc(F)c(F)c3)O2)CC1,58
ZINC000019293111,O=C(Cn1ccnc1)Nc2ccc(N3CCOCC3)c(F)c2,58
ZINC000096246147,O=C(c1ccc(F)cc1)N2C[C@H]3C[N@@H+](C[C@@H]4CCCO4)CC[C@H]3C2,58
ZINC000019934976,O=C(Cc1cccc(F)c1)NCCN2CCOCC2,58
ZINC000019881420,O=C(NCCN1CCOCC1)Nc2ccccc2F,58
ZINC000075604740,O=C(CCc1cccc(F)c1F)N2CC[NH+](CCO)CC2,58
ZINC000097463547,O=C(C[C@@H]1COCCN1)NCCCc2ccccc2F,58
ZINC000021523461,O=C(NC[C@@H](c1ccco1)N2CCOCC2)c3ccccc3F,58
ZINC000024014496,C[C@H]1CN(C(=O)Nc2ccc(F)cc2)CCO1,58
ZINC000012344466,C[C@@H]1CN(CC(=O)NCc2ccccc2F)CCO1,58
ZINC000032012937,N#CC1CCN(C(=O)c2ccccc2)CC1,59
ZINC000016604047,Cc1ccc(C(=O)N2CCN(Cc3ccccc3)CC2)s1,59
ZINC000020490625,C[C@@H]1CCCN(C(=O)c2ccc(CN3CCCC3=O)cc2)C1,59
ZINC000002743154,Cc1ccc(C(=O)N2CCCC[C@H]2C)cc1,59
ZINC000016603782,O=C(c1cccc(F)c1)N2CCN(CCc3ccccc3)CC2,59
ZINC000011638213,CC(=O)N1CCN(C(=O)c2ccccc2)CC1,59
ZINC000069486497,Cc1ccc(CC(=O)N2CCN(CCc3ccncc3)CC2)cc1,59
ZINC000012749721,C[C@H](c1ccccc1)N2CCN(C(=O)c3ccccc3F)CC2,59
ZINC000095728625,O=Cc1cccc(CN2CCSCC2)c1,59
ZINC000065526255,CC(=O)N1CCC[C@H](CCc2cccc(F)c2)C1,59
ZINC000097425070,COc1ccc(-n2ccnc2CN3CCC[C@H](c4ccncn4)C3)cc1,60
ZINC000019842118,COc1ccccc1CN2CC[NH+]([C@H]3CCC[C@@H](C)C3)CC2,60
ZINC000019900272,COc1ccc2c(c1)nc(CN3CCOCC3)n2C,60
ZINC000095419937,COc1ccccc1[C@@H](C)[NH2+]Cc2ccc(N3CC[NH+](C)CC3)nc2,60
ZINC000096183512,Cc1ccc(O[C@@H]2C[C@H]3CN(Cc4nccn4C)CC[N@@H+]3C2)cc1,60
ZINC000096424625_1,COc1cccc(CCC[N@@H+](C)Cc2nnc(C)n2C)c1,60
ZINC000005570260,COc1ccccc1N2CCN(C(=S)NCc3ccccc3)CC2,60
ZINC000095363012,COc1ccc([C@@H]2CN(Cc3c[nH]cn3)[C@@H]4[C@H]5CC[N@H+](CC5)[C@@H]24)cc1,60
ZINC000075093137,COc1ccc(OC)c(C[NH2+]Cc2c(C)nc3ccccn23)c1,60
ZINC000179469532,COc1ccccc1C[N@@H+]2CCC[C@@H](n3cncn3)C2,60
ZINC000000050522,Cc1ccccc1N2C(=O)c3ccccc3C2=O,61
ZINC000238856312,C[C@@H]1C=C[C@@H](C(=O)O)[C@H]2C(=O)N(c3ccccc3)C(=O)[C@H]21,61
ZINC000015446578,C[C@H]1C(=O)O[C@H](C(C)(C)C)N1C(=O)c2ccccc2,61
ZINC000003913105,Cc1ccc(Cl)cc1N2C(=O)[C@H]3[C@@H]4C=C[C@@H](C4)[C@@H]3C2=O,61
ZINC000085348015,CC(=O)Oc1ccc(N2C[C@H](C(=O)O)CC2=O)cc1,61
ZINC000005880884,C[C@@H](C(=O)Oc1ccccc1)N2C(=O)c3ccccc3C2=O,61
ZINC000000089149,O=C(ON1C(=O)c2ccccc2C1=O)c3ccco3,61
ZINC000004099730,Cc1cccc(N2C[C@@]34C=C[C@@H](O3)[C@H](C(=O)O)[C@@H]4C2=O)c1,61
ZINC000002836970,Cc1ccc(C)c(OC(=O)CN2C(=O)c3ccccc3C2=O)c1,61
ZINC000000291055,COc1ccc([C@H]2C(C(C)=O)=C(O)C(=O)N2C)cc1,61
ZINC000093027197,CCOCCN(C)C(=O)C[C@H](C)CCc1ccccc1,62
ZINC000023355841_1,C#CCNC(=O)C[N@H+](C)[C@H](C)c1ccc(F)c(F)c1,62
ZINC000007444969,C[C@@H]1CCCC[C@H]1NC(=O)CN(C)Cc2ccccc2,62
ZINC000069454355,COCC[N@@H+](C)CCNC(=O)CCc1ccccc1,62
ZINC000038856097,CCc1cccc(C(=O)N(CC)CC)c1,62
ZINC000032743501,CNC(=O)CN(C)c1c(F)c(F)c(F)c(F)c1F,62
ZINC000052893429,CCCNC(=O)C[N@@H+](C)CCCc1ccccc1,62
ZINC000043993100,CCCCCNC(=O)Nc1cccc(C(=O)N(C)C)c1,62
ZINC000230036758,C[C@@H]1CCC[C@@H](NC(=O)[C@H](c2ccccc2)N(C)C)C1,62
ZINC000024687260,C[C@H](c1ccccc1)[N@H+](C)CC(=O)Nc2cccc(C(=O)N(C)C)c2,62
ZINC000019746760_1,Cn1cc(C[N@H+]2CCC[C@@]2(C)C(=O)N3CCOCC3)cn1,63
ZINC000096246090,COCC[N@H+]1CC[C@H]2CN(C(=O)c3ccn(C)n3)C[C@H]2C1,63
ZINC000257239804,CN(C(=O)Cn1cccn1)[C@@H]2CCC[C@@H]([NH+]3CCCC3)[C@@H]2O,63
ZINC000044910930,COc1ccccc1[C@@H](CNC(=O)[C@H](C)n2cncn2)[NH+]3CCCC3,63
ZINC000067740553,CCc1c(C)nn(CC(=O)NCC[C@@H]2C[N@H+](C)CCO2)c1C,63
ZINC000071753516,Cc1n[nH]c(C)c1CCC(=O)N2CCN[C@@H](C(=O)O)C2,63
ZINC000019566688,Cc1cc(CNC(=O)C[C@H]2C(=O)NCCN2C)n[nH]1,63
ZINC000072240486,CCn1nc(C)c(CCC(=O)NC[C@@H]2CCCO2)c1C,63
ZINC000065466228,O=C(O)c1cccnc1C[N@H+]2CCC[C@@H]2CCc3ccccc3,64
ZINC000022852493,OCC[C@H]1C[N@H+](CC2CCCCC2)CCN1Cc3ccccc3,64
ZINC000100279343,[NH3+]C[C@@H]1CC[N@@H+](Cc2ccccc2)C[C@@H]1O,64
ZINC000069590545,C[C@@H](O)[C@H]1CCCC[N@@H+]1C[C@H](O)c2cccc(F)c2,64
ZINC000043585298,O=C(O)CC[C@H]1CCC[N@@H+](Cc2ccccc2)C1,64
ZINC000020996300,OCC[C@H]1C[N@@H+](Cc2ccccc2)CCN1Cc3ccc(F)c(F)c3,64
ZINC000078758054,O[C@H]1CC[N@H+](Cc2ccc(CNCc3ccc(F)cc3F)cc2)CC1,64
ZINC000238160852,O=C(O)CC[N@H+]1CCC[C@H]1Cc2cccc(F)c2,64
ZINC000016698287,O=C(O)[C@H](CC[NH+]1CCCC1)c2ccccc2,64
ZINC000038539833,O[C@H]1CCCN(Cc2ccc(Cl)cc2F)C1,64
ZINC000000061195,COc1ccc(/N=C/c2cc([N+](=O)[O-])ccc2O)cc1,65
ZINC000004838589,CCOC(=O)c1cccc([N+](=O)[O-])c1C,65
ZINC000001512539,COc1c(F)c(F)c([N+](=O)[O-])c(F)c1F,65
ZINC000000033017,O=C(OCc1ccc([N+](=O)[O-])cc1)c2cc3ccccc3oc2=O,65
ZINC000004611076,Cc1cc(C(=O)Nc2ccc([N+](=O)[O-])cc2)ccc1[N+](=O)[O-],65
ZINC000001693410,O=[N+]([O-])c1ccc(Cc2ccc([N+](=O)[O-])cc2)cc1,65
ZINC000004070849,COc1cc([N+](=O)[O-])ccc1NC(=O)c2cccc(C)c2,65
ZINC000000265316,CC(=O)c1ccccc1OC(=O)c2ccc([N+](=O)[O-])cc2,65
ZINC000263623428,O=[N+]([O-])c1c(F)cc(F)cc1C(F)F,65
ZINC000000157056,O=C(O)c1ccc([N+](=O)[O-])cc1C(=O)O,65
ZINC000011891436,Cc1ccc(OCC(=O)N2CCC[C@@H](C(=O)O)C2)cc1,66
ZINC000237207733,COc1ccc(CCCCCC(=O)N2CC[C@@](C)(C(=O)O)C2)cc1,66
ZINC000237239474,CN(C[C@H]1CCCO1)C(=O)CCc2ccc(C(=O)O)cc2,66
ZINC000262915252,C[C@H](OC[C@H]1CCCO1)C(=O)N2CCO[C@H](C(=O)O)C2,66
ZINC000268934954,Cc1ccc(CN2C[C@@H](C(=O)N(C)CCC(=O)O)CC2=O)cc1,66
ZINC000011890874,Cc1ccc(OCC(=O)N2CCC[C@@H]2C(=O)O)cc1,66
ZINC000045285441,CCOc1ccc(CN(C)C(=O)[C@H]2CC(=O)N(CCOC)C2)cc1,66
ZINC000102718110,COCCN1C(=O)C(O)=C(C(C)=O)[C@@H]1c2ccccc2,66
ZINC000012467208,COCCCN1C[C@@]23C=C[C@H](O2)[C@@H](C(=O)OC)[C@@H]3C1=O,66
ZINC000008378348,COCC(=O)N1CCC(C(=O)OC)CC1,66
ZINC000584577576,C[C@@]12CC[C@@H](O)CC1=C[C@@H](O)[C@@H]3[C@@H]2CC[C@@]4(C)C(=O)CC[C@@H]34,67
ZINC000004720846,O=C(O)[C@@H](c1ccccc1)[C@H]2CCCC[C@@H]2O,67
ZINC000248274600,C[C@H]1[C@H]([C@@](C)(O)CCC[C@@H](C)C(=O)O)CC[C@]1(C)O,67
ZINC000004638335,CC(NC1CCCCC1)=C2C(=O)CC(C)(C)CC2=O,67
ZINC000253590091,C[C@]12CC(=O)[C@@H]3[C@H](CC[C@@H]4C[C@H](O)CC[C@]43C)[C@@H]1CC[C@@H]2O,67
ZINC000005494872,O=C1C=C2CCCC[C@H]2[C@H]3CCCC[C@H]13,67
ZINC000034175684,C=C1C(=O)O[C@@H]2C[C@@](C)(CCCC(C)=O)C(=O)C[C@H]12,67
ZINC000017314391,CC(C)C(=O)O[C@@H]1C[C@@H]2CC[C@@]1(C)C2(C)C,67
ZINC000037462736,Cc1ccc([C@]2(O)CCCC[C@H]2C)cc1,67
ZINC000100739062_1,COC(=O)[C@@H]1C(=O)C(C(C)=O)=C(O)CC1(C)C,67
ZINC000061719072,Cc1cnc(NC(=O)c2cn(C)c(=O)c3ccccc23)s1,68
ZINC000012974254,Cc1ccc(Cn2cnc3sccc3c2=O)cc1,68
ZINC000004997613,C[C@@H](Sc1nc2ccccc2c(=O)n1Cc3ccccc3)C(N)=O,68
ZINC000095353508,CCc1nn2c(=O)cc(Cn3ccc4ccccc4c3=O)nc2s1,68
ZINC000003424562,Cc1ccc(C(=O)OCc2cc(=O)n3ccsc3n2)c(C)c1,68
ZINC000000496098,CC[C@H](C)Sc1nc2c(c(=O)[nH]c(=O)n2C)n1Cc3ccccc3,68
ZINC000054752782,Cc1sc2[nH]c(-c3cnccn3)nc(=O)c2c1-c4ccccc4,68
ZINC000009914551,Cc1cccc(NC(=O)Cn2cnc3sccc3c2=O)c1,68
ZINC000006184029,Cc1ccc(Cn2c(=O)c3ccccc3n4c(S)nnc24)cc1,68
ZINC000061968070,Cc1cc(=O)n2c(CCN3C(=O)c4ccccc4C3=O)csc2n1,68
ZINC000063527673,CC(=O)N1CCO[C@]2(CCCN(Cc3ccoc3)C2)C1,69
ZINC000048310603,O=C(CCCCc1nc2ccccc2s1)N3CCOCC3,69
ZINC000023673749,O=C(CCc1nc2ccccc2o1)N3CCN(C[C@@H]4CCCO4)CC3,69
ZINC000014707305,Cc1cc2ccccc2n1CC(=O)N3CCO[C@@H](C)C3,69
ZINC000027984082,O=C(c1ccc(CN2CCCC2)o1)N3CCOCC3,69
ZINC000215819433,Cc1ccc(-c2ccc(CN3CCOCC3)cc2)o1,69
ZINC000007504602,Cc1cccc(NC(=O)c2ccc(N3CCOCC3)cc2)c1,69
ZINC000016602661,Cc1cccc(C(=O)N2CCN(Cc3ccco3)CC2)c1,69
ZINC000023624179,O=C(CCc1cccs1)N2CCN(C[C@@H]3CCCO3)CC2,69
ZINC000019800446,CC1CCN(C(=O)c2ccc(CN3CCOCC3)cc2)CC1,69
ZINC000116370121,Cc1ccc(C)c(O[C@H]2CC[N@H+](CCCC(=O)O)CC2)c1,70
ZINC000104396730_1,COc1cccc(C[N@@H+]2CCN(C)[C@H](CCO)C2)c1,70
ZINC000041356429,Cc1ccccc1OCCC[N@H+]2CCC[C@@H]2C(=O)O,70
ZINC000096110267,COc1ccc(C[C@H]2C[N@@H+](C)CC[C@H]2OC)cc1,70
ZINC000069969716_1,COCCN1CC[N@H+](CCOc2ccccc2)C[C@@H]1C,70
ZINC000229275582_1,Cc1cccc(C)c1OC[C@H](O)C[N@H+]2CCO[C@@H](C)C2,70
ZINC000229106420,Cc1ccc(OC[C@@H](O)C[N@H+]2CCC[C@@H](O)C2)cc1,70
ZINC000026781724,C[C@@H]1CCC[N@H+](C[C@@H](O)COc2ccccc2F)C1,70
ZINC000005756349,Cc1ccccc1OC[C@H](O)C[N@H+](C)CCO,70
ZINC000299761494,COc1cc2c(cc1C[N@H+]3CC[C@]4(OC)CC[C@@H](O)C[C@H]34)OCCO2,70
ZINC000079404143,CN(C[C@@H]1CC[N@@H+](Cc2ccccc2)C1)C(=O)C[NH3+],71
ZINC000022696180,CC(=O)N[C@H](C)C(=O)NCc1ccc(C[NH+]2CCCC2)cc1,71
ZINC000040460415,C[C@H]1CCCC[N@@H+]1CC(=O)N(C)Cc2ccco2,71
ZINC000047905207,COC(=O)c1c(C)[nH]c(C(=O)NC[C@H](C)C[NH+]2CCCC2)c1C,71
ZINC000248160758,Cc1ccc([C@H](C)[N@H+](C)CC(=O)NC[C@H]2CCCO2)cc1,71
ZINC000065414400,CC[N@H+](C)CCNC(=O)[C@H]1CC(=O)N(CCc2ccccc2)C1,71
ZINC000237576417,C[C@H]1CCC[N@H+]1CC(=O)N[C@@H](C(=O)O)c2ccccc2,71
ZINC000252515172,C[N@H+]1CCC[C@@H]1C(=O)NCCC[C@H]2CCCC[C@H]2O,71
ZINC000091943688,C[N@H+](CC(=O)N1CC[C@H](Cc2cccc(CO)c2)C1)C3CCCC3,71
ZINC000055014223,CNC(=O)[C@H]1CCCN1CC(=O)N(c2ccccc2)C(C)C,71
ZINC000012370953,COc1ccc(/C=C/2\SC(N3CCOCC3)=NC2=O)cc1,72
ZINC000040498703,COCCN1C[C@H](C(=O)Nc2nc(C)cs2)CC1=O,72
ZINC000009950534,COc1ccccc1[C@@H](C)NC(=O)CN2CCSC2=O,72
ZINC000040514044,Cc1nc(Cc2ccccc2)sc1C(=O)N3CCO[C@H](C)C3,72
ZINC000095515190,Cc1ncsc1CCN(C)C(=O)CN2CC3(CCCC3)CC2=O,72
ZINC000044891829,O=C(CCN1CCSC1=O)N2CCN(Cc3ccco3)CC2,72
ZINC000077964651,CCC(=O)N1CCC[C@H](C(=O)O[C@@H](C)c2sc(CC)nc2C)C1,72
ZINC000096200410,COCCO[C@H]1CCN(Cc2csc(C)n2)[C@@H]1Cc3ccccc3,72
ZINC000091416652,Cc1ncc(C(=O)N2CCN(CCOc3ccccc3)CC2)s1,72
ZINC000044895778,Cc1sc2ncn(CCC(=O)N3CCOCC3)c(=O)c2c1C,72
ZINC000023735917,O=C(CCn1cncn1)NCCc2ccc(F)cc2,73
ZINC000038029638,O=C(O)Cn1cc(NC(=O)Cc2ccccc2F)cn1,73
ZINC000072283583,Cc1ccc(-n2ccnc2)c(C(=O)NCCc3ccc(F)cc3)c1,73
ZINC000088232460,O=C(Cn1cnnn1)Nc2cnn(-c3ccccc3F)c2,73
ZINC000006726748,CCn1ccc(C(=O)Nc2ccc(F)c(Cl)c2)n1,73
ZINC000028243158,Cn1cc(CCC(=O)Nc2ccc(F)cc2F)cn1,73
ZINC000095366992,Cc1cc(CNC(=O)[C@H](c2cccc(F)c2)N(C)C)n(C)n1,73
ZINC000160561820,Cn1cc(NC(=O)Nc2ccnn2Cc3ccccc3F)cn1,73
ZINC000072378410,O=C(c1ccncc1)N2CCC[C@H]2c3cncc(-n4ccnc4)n3,74
ZINC000299787007,Cc1ocnc1C(=O)N2CCN(c3ncnc4[nH]cnc34)CC2,74
ZINC000072133019,Cc1ccc(F)c(C(=O)N2CCn3cncc3C2)c1F,74
ZINC000257241629,Cc1nc2cc(C(=O)N3CCC[C@@H]3c4cnccn4)ccc2[nH]1,74
ZINC000012224377,Cc1cnc(C(=O)N2CCC(c3cc4cccnc4[nH]3)CC2)cn1,74
ZINC000096122826,O=C(c1ccc(Cn2ccnc2)cc1)N3CCc4ncncc4C3,74
ZINC000426613637,Cn1ccnc1-c2cccc(C(=O)N3CCC[C@H](Cn4ccnc4)C3)c2,74
ZINC000107254427,O=C1[C@@H]2CN(c3cnccn3)C[C@@H]2CCN1Cc4ccncc4,74
ZINC000055236066,CC(=O)Nc1ccc2c(c1)nc3n2CCN(C4CCCCC4)C3,74
ZINC000082134115,Cc1nccn1C[C@@H]2CCCN(C(=O)c3ccc4ncccc4c3)C2,74
ZINC000040497089,Cc1cccc(NC(=O)Cn2nnc(-c3ccco3)n2)c1C,75
ZINC000072242627,Cc1nc(CNC(=O)c2cc(C)n(C)n2)sc1C,75
ZINC000071904509,Cc1ccccc1-n2nccc2NC(=O)CCCn3cccn3,75
ZINC000252486833,Cc1ccccc1-n2cc(CN(C)C(=O)c3cnc[nH]3)cn2,75
ZINC000012972142,Cc1ccc(C(=O)NCCCn2nc(C)cc2C)cc1,75
ZINC000022290154,Cc1ccc(C(=O)NCC(=O)Nc2ccnn2C(C)C)cc1,75
ZINC000020602729,Cc1cccc(C)c1NC(=O)Cn2ccc(C(=O)O)n2,75
ZINC000012908183,Cc1ccc(NC(=O)c2cn(Cc3ccccc3)nn2)cc1,75
ZINC000027927048,Cc1nn(C)c(C)c1NC(=O)CCc2ccccc2,75
ZINC000082121675,Cc1cn2cc(C(=O)N[C@H](Cn3cccn3)c4ccccc4)ccc2n1,75
ZINC000067712786,COc1ccc(C(=O)NC[C@@H]2CC[N@@H+](C)C2)cc1F,76
ZINC000257334943,CN1CC[NH+](C[C@]2(O)CCN(C(=O)c3ccccc3F)C2)CC1,76
ZINC000083919869,COc1cc(F)c(NC(=O)N2CCC(O)CC2)cc1F,76
ZINC000012911132,O=C(CN1CCC(O)CC1)NCCOc2ccc(Cl)cc2,76
ZINC000077518142,COc1ccc(F)c(C[N@H+]2CCCC[C@@H]2CCNC(C)=O)c1,76
ZINC000095405158,COc1cccc(CCNC(=O)CN2CCC(C(F)(F)F)CC2)c1,76
ZINC000012731958,C[C@@H]1CCCC[C@H]1NC(=O)C[N@H+](C)CCOc2ccc(F)cc2,76
ZINC000072297642,COc1ccc(C(=O)N2CC[C@@H](C[NH+]3CCCCC3)C2)c(F)c1,76
ZINC000089939027,C[C@H]1CN(C)CCN1CC(=O)NCCOc2cccc(F)c2,76
ZINC000031903412,C[C@H](c1ccccc1)n2c(CN3CCOCC3)nc4ccccc42,77
ZINC000096219133,Fc1cccc(CN2CCOC[C@H]2c3nccc(N4CCCC4)n3)c1,77
ZINC000257205684,Cc1nccc(N2CCO[C@@H](Cc3ccccc3)C2)n1,77
ZINC000029588144,Cc1cn2nc(N3CCO[C@H](c4ccccc4)C3)sc2n1,77
ZINC000095449435,CN(CCn1cnnc1)c2nc3ccccc3nc2N4CCOCC4,77
ZINC000000521519,C[C@@H]1CN(c2nc(-c3ccncc3)nc4ccccc24)C[C@@H](C)O1,77
ZINC000096260197,Cn1cc(CN2CCn3cnc(COCC4CC4)c3C2)cn1,77
ZINC000000352616,Cc1ccc(Cn2ncc3c(N4CCOCC4)ncnc32)cc1,77
ZINC000019742636,c1ccc(C[C@@H]2CN(Cc3cnc(N4CCCC4)s3)CCO2)cc1,77
ZINC000134857508,CCOC(=O)[C@H]1CCCN(c2cncc(-n3ccnc3C)n2)C1,77
ZINC000000037933,Cc1ccc(C(=O)Nc2ccc3c(c2)OCO3)cc1,78
ZINC000016651424,O=C(Nc1ccc2c(c1)OCCO2)c3ccc(F)c(F)c3F,78
ZINC000078144000,O=C(N[C@@H]1C[C@H]2CC[C@@H]1C2)c3ccc4c(c3)OCCO4,78
ZINC000013673019,Cc1ccc(CCCNC(=O)[C@@H]2COc3ccccc3O2)cc1,78
ZINC000000455234,O=C(NCc1ccc2c(c1)OCO2)c3ccc4ccccc4c3,78
ZINC000015602046,CC(=O)c1ccc(NC(=O)c2ccc3c(c2)OCC(=O)N3)cc1,78
ZINC000000147008,Cc1cccc(C(=O)Nc2ccc3c(c2)OCCO3)c1,78
ZINC000044868634,Cc1ccc([C@H](C)NC(=O)[C@H]2Cc3ccccc3C(=O)O2)o1,78
ZINC000025584146,C[C@@H](NC(=O)COc1ccc2c(c1)OCO2)c3ccc4c(c3)OCO4,78
ZINC000000252937,Cc1ccccc1NC(=O)COc2ccc3c(C)cc(=O)oc3c2,78
ZINC000244773937,Cn1ccnc1C(=O)N[C@@H](c2cnc3ccccc3c2)[C@H]4C[C@@H](O)C4,79
ZINC000008995962,O=C(O)CCn1c(=O)[nH]c2ccccc2c1=O,79
ZINC000123058656,COc1cccc2cc(C(=O)Nc3ccn(CC(=O)O)n3)oc12,79
ZINC000096124361,Cc1cc(C(=O)NC[C@H](O)Cn2ccccc2=O)c(C)o1,79
ZINC000004824609,OC[C@@H]1O[C@H](n2cnc3cccnc32)[C@@H](O)[C@@H]1O,79
ZINC000036703707,Cc1cc(=O)n(CC(=O)Nc2ccc3c(c2)OCO3)cn1,79
ZINC000005018734,COc1ccccc1/C=C\2/NC(=O)N(CC(=O)O)C2=O,79
ZINC000005510735,OC[C@@H]1O[C@@H](n2cnc3c(=S)[nH]cnc32)[C@H](O)[C@@H]1O,79
ZINC000072476561,O=C(O)[C@H]1c2nc[nH]c2CCN1C(=O)c3c[nH]c(=O)cn3,79
ZINC000097973653,CC(=O)Nc1nc(=O)n([C@H]2C[C@H](O)[C@@H](CO)O2)cc1C,79
ZINC000072239055,CCn1nc(C)c(S(=O)(=O)N[C@@H](C)c2ccc(C)cc2C)c1C,80
ZINC000225254964,CCC(=O)Nc1nnc(S(=O)(=O)NCc2ccc(C)cc2)s1,80
ZINC000004248553,Cc1ccc(S(=O)(=O)NCCc2cn3ccsc3n2)cc1,80
ZINC000002780382,COc1ccc(S(=O)(=O)NCc2ccnn2C)cc1,80
ZINC000006668615,Cc1c(S(=O)(=O)NCc2ccc(F)cc2)cnn1C(F)F,80
ZINC000028577152,Cc1cc(NS(=O)(=O)Cc2ccccc2)nn1C,80
ZINC000095398190,Cn1cc(Nc2nc(CS(=O)(=O)c3ccccc3)cs2)cn1,80
ZINC000002803883,Cc1c(S(=O)(=O)NCc2ccco2)cnn1C,80
ZINC000046174259,CC(C)c1noc([C@H](C)S(=O)(=O)Cc2ccccc2)n1,80
ZINC000030857196,O=C(CCCOc1ccccc1)NCc2ccccc2-n3ccnc3,81
ZINC000014111214,COc1ccccc1NC(=O)c2ccc(N3CCOCC3)nc2,81
ZINC000363073004,COc1cccc(N2CC[C@@H](CNC(=O)c3cnccn3)C2)c1,81
ZINC000001358216,COc1ccc(CNC(=O)[C@H]2CCCN(c3nccc(C)n3)C2)cc1,81
ZINC000022327324,COc1ccccc1NC(=O)N2CCN(Cc3cccnc3)CC2,81
ZINC000082314619,COc1ccccc1N2CCN(C(=O)c3cnc(C)nc3)CC2,81
ZINC000014019156,COc1ccc(C)cc1NC(=O)c2cccnc2N3CCCC3,81
ZINC000012615527,COc1ccccc1N2CCN(C(=O)CCn3cncn3)CC2,81
ZINC000044978274,COc1cccc(C[C@@H]2CCC[N@@H+]2Cc3cc(=O)n4ccccc4n3)c1,81
ZINC000095357834,COCCN1CCC[C@@]2(CCN(c3cncc(C)n3)C2)C1=O,81
ZINC000009741271,C[C@@]1(c2ccccc2)NC(=O)N(Cc3ccccc3)C1=O,82
ZINC000003341051,C[C@H](NC(=O)CN1C(=O)NC2(CCCCCC2)C1=O)c3ccccc3,82
ZINC000011411703,O=C(NC1CCCC1)c2ccccc2CN3C(=O)CNC3=O,82
ZINC000004516774,CC(C)c1ccc(NC(=O)CN2C(=O)NC(C)(C)C2=O)cc1,82
ZINC000008378931,O=C(CN1C(=O)NC2(CCCC2)C1=O)NCc3ccc(F)cc3,82
ZINC000084740532,CCC[C@]1(C)NC(=O)N(CC[C@H]2CCCC[N@H+]2C)C1=O,82
ZINC000042010502,CN1CC(=O)N(CC(=O)N2CCC[C@@H]2c3ccccc3)C1=O,82
ZINC000047219380,Cc1ccc(OCCCN2C(=O)NC(C)(C)C2=O)cc1C,82
ZINC000008754237,CCC[C@@H]1NC(=O)N(CC(=O)N(Cc2ccccc2)C(C)(C)C)C1=O,82
ZINC000078973468,C[C@H](NC(=O)N1CC[C@H](Cc2cnn(C)c2)C1)c3ccccn3,83
ZINC000066164137,COc1ccc(NC(=O)NCCCn2cncn2)c(C)c1,83
ZINC000072280734,C[C@H]1CCC[N@H+](Cc2ccc(CNC(=O)Nc3cnn(C)c3)cc2)C1,83
ZINC000004110043,Cc1cc(NC(=O)NCc2ccccc2)n(C)n1,83
ZINC000048342353,O=C(NCCCn1cncn1)NC[C@H]2CCN(c3ccccc3)C2,83
ZINC000043433532,Cc1cc(NC(=O)NC[C@H](c2ccccc2)N3CCOCC3)n(C)n1,83
ZINC000043433464,Cc1cc(NC(=O)NCCc2ccccc2)n(C)n1,83
ZINC000043358467,Cc1cccc(C)c1NC(=O)NCCCn2ccnc2,83
ZINC000076021179,Cc1ccc(C[C@H](C)NC(=O)NC[C@@](C)(O)c2cnn(C)c2)c(C)c1,83
ZINC000299797175,Cc1c(NC(=O)NC[C@H](c2ccc(F)cc2)N3CCCC3)cnn1C,83
ZINC000018178604,Cc1ccccc1NC(=O)CSc2nccc(=O)[nH]2,84
ZINC000047075117,CC(=O)c1ccc(NC(=O)c2ccc3c(=O)[nH]c(=S)[nH]c3c2)cc1,84
ZINC000008616643,Cc1cnc(SCc2ccccc2)[nH]c1=O,84
ZINC000000052217,Cc1ccc(C)c(NC(=O)CSc2ccccn2)c1,84
ZINC000013858323,Cc1nc(SCC(=O)NC2CCCCC2)[nH]c(=O)c1C,84
ZINC000108861450,COC(=O)c1ccccc1CSc2ncc(C)cn2,84
ZINC000000128022,Cc1ccnc(SCC(=O)Nc2ccccc2)n1,84
ZINC000018093982,COc1ccccc1NC(=O)CSc2nc(C)cc(=O)[nH]2,84
ZINC000020395658,Cc1nc(SCC(=O)O)[nH]c(=O)c1C,84
ZINC000000567573,COC(=O)c1ccc(CSc2nc(N)cc(N)n2)cc1,84
ZINC000044915655,c1ccc(Cn2ncc3c2CCC[C@H]3Nc4ncnc5nc[nH]c45)cc1,85
ZINC000096064414,C[N@H+]1CC[C@H]2[C@H](C[C@@H](Cn3cncn3)N2c4nccs4)C1,85
ZINC000267642866,Fc1ccc([C@@H]2CCCC[N@H+]2CCn3cccn3)cc1,85
ZINC000095509626,Cc1ccc(N2CCC[C@H](c3[nH+]ccn3Cc4ccncc4)C2)nn1,85
ZINC000091876761,Cn1ccnc1C[N@@H+]2CCC[C@@H](c3nnc(Cn4cccn4)n3C)C2,85
ZINC000306124096,Cc1ccc(N2CC[C@H]3[C@H]2CC[N@@H+]3Cc4ccncc4)nn1,85
ZINC000019710962,c1ccc(CC[N@H+]2CCC[C@@H](c3nnc4n3CCNC4)C2)cc1,85
ZINC000256050065,CCCCCC[NH2+]Cc1ccn(CC)n1,85
ZINC000257286934,Cn1nccc1-c2cc(C[C@@H]3CCC[N@@H+](C)C3)ccn2,85
ZINC000083219384,Cn1cc(CCC[N@H+](C)Cc2nc3ccccc3n2C)cn1,85
ZINC000075118127,Cc1ccc(C(=O)N[C@@H]2CCCc3ccccc32)c(=O)[nH]1,86
ZINC000023875316,O=C(CC[C@@H]1Cc2ccccc2NC1=O)NCCc3cccnc3,86
ZINC000072305525,Cc1ccc2nc(CNC(=O)c3ccc4ccccc4n3)[nH]c2c1,86
ZINC000032900711,O=C1CCc2cc(C(=O)Nc3cnc4ccccc4c3)ccc2N1,86
ZINC000012526888,O=C(NC1CCCCC1)c2cccc3ncccc23,86
ZINC000009127022,Cc1cccc(C(=O)NCCc2ccccn2)c1,86
ZINC000057536252,O=C(CCc1ccco1)Nc2cccc3ncccc23,86
ZINC000005428535,O=C(CCc1c[nH]c2ccccc12)N[C@@H](C(=O)O)c3ccccc3,86
ZINC000006653626,O=C(NCCc1c[nH]c2ccccc12)c3ccc4[nH]cnc4c3,86
ZINC000095378067,CCc1ncc(C(=O)NCCCNc2cccnc2)cn1,86
ZINC000075613754,CCOc1c(Cl)cc(O)cc1Cl,87
ZINC000002530006,COc1c(F)c(F)cc(C(C)=O)c1F,87
ZINC000013113916,COc1ccc(Oc2ccccc2/C=N/O)cc1,87
ZINC000095935448,COc1cc(F)ccc1-c2ccc(C(=O)O)cc2,87
ZINC000012505585,Cc1ccc(Oc2ccc(O)cc2)cc1,87
ZINC000004854963,COc1cc(C(=O)O)ccc1OCc2ccc(C)cc2,87
ZINC000021299205,CCOC(=O)c1cc(O)ccc1Cl,87
ZINC000000138938,COc1cccc(Oc2ccc(OC)cc2C(=O)O)c1,87
ZINC000034766041,COc1ccc(C(=O)C(C)C)c(OC)c1,87
ZINC000020210408,COc1ccc(C=O)cc1OC2CCCCC2,87
ZINC000026469478,COc1ccc(C)cc1Nc2ccccc2C(=O)O,88
ZINC000098072728,COc1ccc(C(=O)Nc2cccc(C)c2F)cc1,88
ZINC000009497484,COc1ccc(NC(=O)c2ccoc2)c(OC)c1,88
ZINC000000342298,CC(=O)Nc1ccc(Oc2ccc(C(=O)O)c(C(=O)O)c2)cc1,88
ZINC000009063938,COc1ccc(C(=O)NC(C)C)cc1C,88
ZINC000009995953,COc1ccc(CNC(=O)c2ccccc2C)cc1OC,88
ZINC000001640188,COc1cccc(NC(=O)Nc2ccccc2OC)c1,88
ZINC000014630551,COc1ccc(Oc2ccc(N)cc2C)cc1,88
ZINC000000030069,COc1ccccc1NC(=O)c2ccc(NC(C)=O)cc2,88
ZINC000000162929,COc1ccc(C(=O)Nc2ccccc2)cc1OC,88
ZINC000069485298,O=C(O)CC[N@@H+]1CCC[C@H](CN2CCN(c3ccccn3)CC2)C1,89
ZINC000252496759,c1ccc(N2CCN([C@H]3CC[N@H+](CC4CCOCC4)CC3)CC2)nc1,89
ZINC000019288262,Cc1nccn1-c2ccc(CN3C[C@H]4CCC[N@@H+]4C[C@@H]3CCO)cc2,89
ZINC000195539287_1,c1ccc(C[N@H+]2CCO[C@@H]3CN(c4ncnc5nc[nH]c45)C[C@H]32)cc1,89
ZINC000096158817_1,c1cnc(N2CCC3(CC2)C[N@@H+](Cc4ccoc4)CCO3)nc1,89
ZINC000067726931,Cc1nc(CC[NH3+])cc(N2CCC([N@@H+]3CCC[C@@H](O)C3)CC2)n1,89
ZINC000216276173,c1c[nH]c([C@H]2CC[N@H+](Cc3cnc(N4CCOCC4)s3)CC2)n1,89
ZINC000072355537,COCC[N@H+]1CCC[C@@H](c2cccc(-n3ccnc3)n2)C1,89
ZINC000072377554,COCC[N@@H+]1CCC[C@H](c2ccnc(Nc3ccc(C)cn3)n2)C1,89
ZINC000071902735,FC(F)(F)c1ccnc(N2CCCC[C@@H]2C[NH+]3CCOCC3)n1,89
ZINC000072133312,Cc1[nH]cnc1-c2nccn2Cc3ccccc3-n4ccnc4,90
ZINC000089182340,Cc1cc(CNCc2ccc(F)cc2)n(C)n1,90
ZINC000000074310,Cc1cccc(-n2ncc3c(NCc4ccccn4)ncnc32)c1,90
ZINC000097113707_1,Cc1ccc2ncc(C[N@H+](C)[C@@H](C)c3ccncc3)n2c1,90
ZINC000022163643,Cc1cc(C)n(Cc2ccc(C[NH3+])cc2)n1,90
ZINC000036901395,Cc1cccc(NCc2c[nH]nc2C)c1,90
ZINC000097045312,Cc1nnc(NCc2cn(-c3ccccc3)nc2C)s1,90
ZINC000065608356,Cc1ccc(CNCc2c(C)nn(C)c2N(C)C)cn1,90
ZINC000065457549,Cc1cccc(-n2nc(C)nc2Cn3nc(C)c(C)c3C)c1,90
ZINC000097233464,Cn1ccc(NCc2ccn(-c3c(F)cccc3F)n2)n1,90
ZINC000004694971,CCc1ccc(OCC(=O)Nc2nnc(C)s2)cc1,91
ZINC000021214812,COc1ccc(C)cc1C(=O)Nc2nncs2,91
ZINC000002533984,COc1ccc(OC)c(-c2cnc(N)s2)c1,91
ZINC000040512594,CCOc1ccc([C@H](C)NC(=O)c2snnc2CC)cc1OC,91
ZINC000005299414,COc1ccc(C(=O)Nc2ncnc3sccc23)cc1OC,91
ZINC000003458949,COC(=O)c1ccc(CSc2nnc(-c3ccc(OC)cc3)o2)o1,91
ZINC000015832152,COc1ccccc1C(=O)NCc2csc(C)n2,91
ZINC000005720401,COc1ccc(/C=N/N=C/2\NC(=O)[C@@H](CC(=O)O)S2)cc1,91
ZINC000002646019,COc1ccc(C(=O)Nc2ncc(C)s2)cc1OC,91
ZINC000000040980,Cc1cc(C)cc(OCC(=O)Nc2nccs2)c1,91
ZINC000001954389,Cc1ccc(S(=O)(=O)Oc2cccc(C=O)c2)cc1,92
ZINC000095405026,O=C(C[C@@H]1CCS(=O)(=O)C1)O[C@@H]2CCC[C@@H]2Cc3ccccc3,92
ZINC000001680423,OS(O)(O)c1cccc(S(O)(O)O)c1,92
ZINC000000153751,CS(=O)(=O)c1ccc(C(=O)O)cc1,92
ZINC000000394722,Cc1ccc(S(=O)(=O)c2ccc(F)cc2)cc1,92
ZINC000002923591,Cc1ccc(S(=O)(=O)O[C@@H]2C=CS(=O)(=O)C2)cc1,92
ZINC000078546367,O=C1c2ccccc2C(=O)c3c1ccc4c3-c5ccccc5S4(=O)=O,92
ZINC000002028789,CCCCCCS(=O)(=O)Cc1ccc(C=O)cc1,92
ZINC000001712643,CCCOS(=O)(=O)c1ccc(C)cc1,92
ZINC000040555647,CS(=O)(=O)c1ccc(Oc2ccccc2)c(S(C)(=O)=O)c1,92
ZINC000000355844,O=C(Nc1cnn(Cc2ccccc2)c1)c3ccccc3[N+](=O)[O-],93
ZINC000001068500,Cc1ccc(C)c(NC(=O)Cn2ccc([N+](=O)[O-])n2)c1,93
ZINC000004832127,Cc1ccccc1C(=O)Nc2ncc([N+](=O)[O-])s2,93
ZINC000000341175,Cc1cc([N+](=O)[O-])nn1Cc2ccccc2,93
ZINC000070462244,Cc1ccc(Sc2nc[nH]n2)c([N+](=O)[O-])c1,93
ZINC000000146930,Cc1cc(NC(=O)c2ccccc2[N+](=O)[O-])n(-c3ccccc3)n1,93
ZINC000000289540,Cc1ccc(-n2cnnn2)cc1[N+](=O)[O-],93
ZINC000408716323,Cc1ccc(Cn2cc(C(=O)O)c([N+](=O)[O-])n2)cc1,93
ZINC000024107035,C[C@@H](Nc1ncccc1[N+](=O)[O-])c2ccc(F)cc2,93
ZINC000004091990,Cc1ccccc1Nc2ccc([N+](=O)[O-])cn2,93
ZINC000225649629,COc1cc(=O)n(C)cc1C(=O)Nc2ccc3ncccc3c2,94
ZINC000192588106,Cc1cc(NC(=O)c2cn(C)cn2)ccc1Oc3ccncc3,94
ZINC000000238798,Cc1ccc(Cn2c(=O)c3c(ncn3C)n(C)c2=O)cc1,94
ZINC000038784166,COC(=O)c1cc2c(=O)n(Cc3ccccc3)ccc2nc1C,94
ZINC000426578593,COc1ccc2cc(C(=O)NCc3cnc4cnccn34)n(C)c2c1,94
ZINC000021930758,COc1ccc(CNC(=O)c2cnc(N(C)C)nc2C)cc1,94
ZINC000002917097,Cc1ccccc1NC(=O)c2cc3c(=O)n4ccccc4nc3n2C,94
ZINC000009060842,COc1ccc(C)c2c1N(Cc3cccnc3)C(=O)C2=O,94
ZINC000003611773,Cc1cc(C)cc(NC(=O)Cn2c(=O)cnc3ccccc32)c1,94
ZINC000040288256,CC(C)NC(=O)c1ccc(Cn2cnc3ccccc3c2=O)cc1,94
ZINC000043367869,O[C@@H](c1ccc(C(F)(F)F)cc1)C(F)(F)F,95
ZINC000063339614,Fc1cc(Br)c(F)c(Br)c1,95
ZINC000001504378,CC(=O)C(c1ccccc1)c2ccccc2,95
ZINC000033414762,OCc1ccc(Br)cc1Br,95
ZINC000263625065,Oc1c(Br)ccc(Br)c1F,95
ZINC000002579920,O=C(O)CCCC(=O)c1cccc(Cl)c1Cl,95
ZINC000000403514,COC(=O)c1cc(Br)ccc1Br,95
ZINC000055201425,O[C@@H](c1ccsc1)c2cc(F)cc(F)c2,95
ZINC000065353979,O=C(O)c1cc(F)cc(-c2ccc(C(=O)O)c(F)c2)c1,95
ZINC000097074670,Cc1ccc(F)cc1NC(=O)C(=O)NCCO,96
ZINC000010109359,Cc1ccc(C(=O)NCC(=O)Nc2ccc(F)c(F)c2)o1,96
ZINC000067621661,Cc1ccc(NC(=O)CNC(=O)C(C)C)c(F)c1,96
ZINC000008205687,Cc1ccc(C(=O)NCC(=O)Nc2ccccc2)cc1C,96
ZINC000015592014,Cc1ccc(F)cc1NC(=O)CNC(=O)c2ccc(F)cc2,96
ZINC000005938419,Cc1ccc(F)cc1NC(=O)CNC(N)=O,96
ZINC000009908620,Cc1ccc(CNC(=O)C(=O)N[C@H](C)c2ccccc2)cc1,96
ZINC000008314890,O=C(CNC(=O)c1ccccn1)Nc2cc(Cl)ccc2Cl,96
ZINC000068561713,O=C(CNC(=O)C1CCCCC1)Nc2c(F)cccc2F,96
ZINC000040521762,O=C(CCc1ccccc1Cl)N[C@H]2CCCCNC2=O,96
ZINC000000111608,Cc1ccc(-c2nn(CC(=O)N3CCCC3)c(=O)c4ccccc24)cc1,97
ZINC000006803296,Cc1nn(CC(=O)NCc2ccco2)c(=O)c3cc4ccccc4n13,97
ZINC000065523592,Cc1[nH]c2ccnn2c(=O)c1CC(=O)Nc3ccc4c(c3)CCC4,97
ZINC000064871471,Cc1nnc2c(=O)n(CC(=O)NC3CCCC3)c4ccccc4n12,97
ZINC000025005442,Cc1c([C@H](C)NC(=O)Cn2c(C)nc3ccccc3c2=O)cnn1C,97
ZINC000010386975,CCCn1c(=O)c2c(nc3n2[C@@H](C)C(C)=NN3C)n(C)c1=O,97
ZINC000040388130,O=c1c2nnc3ccnn3c2ccn1Cc4ccccn4,97
ZINC000064871386,Cc1ccc(NC(=O)Cn2c(=O)c3nncn3c4ccccc42)cc1,97
ZINC000096426760,Cc1ccc(N2CCC[C@H](NC(=O)CCn3cncn3)C2=O)cc1,97
ZINC000021110218,Cc1ccc(NC(=O)Cn2nc3c(cc2=O)CCCC3)cc1,97
ZINC000005698725,Cc1ccc(CNS(=O)(=O)c2ccc(F)c(F)c2)cc1,98
ZINC000007052515,Cc1ccc(S(=O)(=O)Nc2ccccc2)cc1[N+](=O)[O-],98
ZINC000007405616,Cc1ccc(F)cc1NS(=O)(=O)c2ccc(F)cc2F,98
ZINC000008288459,Cc1ccc(C(=O)Nc2cccc(S(N)(=O)=O)c2)cc1,98
ZINC000010314994,CNC(=O)c1ccc(C)c(NS(=O)(=O)c2ccc(C)cc2)c1,98
ZINC000005260109,Cc1cc(C)cc(NS(=O)(=O)c2ccccc2)c1,98
ZINC000000078901,Cc1ccc(C)c(NS(=O)(=O)c2cccc(C(=O)O)c2)c1,98
ZINC000014256783,CC(=O)Nc1ccc(NS(=O)(=O)c2ccc(F)c(F)c2)cc1,98
ZINC000004534915,C/C(=N\NS(=O)(=O)c1ccccc1)/c2ccc(N)cc2,98
ZINC000007230440,Cc1ccccc1NS(=O)(=O)c2cc(C(=O)O)ccc2F,98
ZINC000016577439,Cc1ccc(CS(=O)(=O)NC(C(C)C)C(C)C)cc1,99
ZINC000069812152,CCSc1ccc([C@@H](C)NC(=O)CN(C)S(C)(=O)=O)cc1,99
ZINC000113967401,CCCCNC(=O)CCCN(c1cc(C)cc(C)c1)S(C)(=O)=O,99
ZINC000005924017,CNC(=O)CN(c1cc(C)cc(C)c1)S(C)(=O)=O,99
ZINC000000309292,CC(=O)NCc1ccc(S(=O)(=O)N(C)C)cc1,99
ZINC000000582609,CCN(CC)S(=O)(=O)c1ccc(SC)cc1,99
ZINC000035670780,CC[C@H](C)NS(=O)(=O)c1ccc(CNC(C)=O)cc1,99
ZINC000013648251,CSc1ccc(S(=O)(=O)NCCN(C)C)cc1,99
ZINC000003082681,COC(=O)CN(C)S(=O)(=O)c1ccc(C)cc1,99
ZINC000039516485,COc1ccccc1OCCNC(=O)CCc2ccc(F)cc2,100
ZINC000022524437,COc1ccc(CCC(=O)NC[C@H]2CCCO2)cc1OC,100
ZINC000017849979,COc1ccc(CC(=O)NCCOc2ccccc2)cc1,100
ZINC000002867306,CCCOc1ccc(CC(=O)N[C@@H](C)CC)cc1OC,100
ZINC000011891942,COc1ccccc1OCC(=O)NCCCC(=O)O,100
ZINC000220273903,COc1ccccc1OCC(=O)N[C@@H]2CCOC[C@H]2OC,100
ZINC000225838418,CCCO[C@](C)(CC)C(=O)Nc1ccc(OCC)c(C(=O)OC)c1,100
ZINC000000121764,COc1ccc(CC(=O)NC2CCCCC2)cc1OC,100
ZINC000001456760,COc1ccc(OCC(=O)N[C@@H]2CCCC[C@H]2C)cc1,100
ZINC000059417391,CNC(=O)C(=O)NCCOc1ccc(C)c(C)c1,100
ZINC000037336831,Cc1nc(Cl)c2cnn(-c3ccc(F)cc3)c2n1,101
ZINC000000291891,Cc1ccc(Nc2cc(-n3nc(C)cc3C)ncn2)cc1,101
ZINC000048375349,C[C@H](Nc1ncnc2c1cnn2-c3ccccc3)c4ccccn4,101
ZINC000009536788,C[C@H](Nc1ncnc2sccc12)c3ccc(-n4cncn4)cc3,101
ZINC000011757318,Nc1n[nH]c2nc(-c3ccccc3)ccc12,101
ZINC000054404727,Cc1cc(N)nn1-c2ccc(Cl)cc2Cl,101
ZINC000032529770,Cc1ccc(-c2nc[nH]n2)c3ccccc13,101
ZINC000008040526,Cc1nn2c(-c3ccccc3)nnc2s1,101
ZINC000026421110,Cc1ccc(-c2csc(-n3nc(C)cc3N)n2)cc1,101
ZINC000072150899,Cc1nc[nH]c1-c2nccn2-c3cnc4ccccc4c3,101
ZINC000006475570,O=C(CNC(=O)c1ccc([N+](=O)[O-])cc1)Nc2ccccc2,102
ZINC000000284820,Cc1cc(C(=O)N(C)Cc2ccccc2)ccc1[N+](=O)[O-],102
ZINC000100531625,O=[N+]([O-])c1cc([N+](=O)[O-])c(NCCO)c([N+](=O)[O-])c1,102
ZINC000000118384,O=C(NCCc1ccccc1)c2cc([N+](=O)[O-])ccc2Cl,102
ZINC000003515349,COc1ccccc1NC(=O)COc2ccc([N+](=O)[O-])cc2,102
ZINC000004042352,O=[N+]([O-])c1ccc(N[C@@H]2O[C@H](CO)[C@@H](O)[C@H](O)[C@@H]2O)cc1,102
ZINC000000121138,O=C(NC1CCCCC1)c2ccccc2[N+](=O)[O-],102
ZINC000003502635,O=C(COC(=O)c1ccccc1[N+](=O)[O-])NC[C@H]2CCCO2,102
ZINC000003502540,Cc1cccc(NC(=O)COC(=O)c2ccccc2[N+](=O)[O-])c1,102
ZINC000052875802,CC(=O)c1ccc(NC(=O)NCCc2ccc([N+](=O)[O-])cc2)cc1,102
ZINC000005314760,O=C(Nc1ccc(N2CCCS2(=O)=O)cc1)c3cccs3,103
ZINC000019172494,CNS(=O)(=O)c1ccc(CCC(=O)N2CCc3ccccc32)cc1,103
ZINC000007771548,CNC(=O)c1cccc(S(=O)(=O)N2CCCC2)c1,103
ZINC000016602418,CS(=O)(=O)N1CCN(C(=O)C2CCCC2)CC1,103
ZINC000055963524,CCOCCCNC(=O)[C@H]1CCCCN1S(C)(=O)=O,103
ZINC000241965728,CCNC(=O)C[N@H+]1CC[C@H](CNS(C)(=O)=O)CC1,103
ZINC000043979492,CS(=O)(=O)N1CCC(CNC(=O)c2cccc(F)c2)CC1,103
ZINC000026024004,Cc1cccc(CNC(=O)C2CCN(S(C)(=O)=O)CC2)c1,103
ZINC000089386052,CNC(=O)C1CCN(S(=O)(=O)c2cnn(C)c2)CC1,103
ZINC000216179243,CNC(=O)[C@@H]1CCCCN1Cc2ccc(S(C)(=O)=O)cc2,103
ZINC000013135639,CC(=O)/N=C\1/S[C@H]2CS(=O)(=O)C[C@@H]2N1Cc3ccc(C)cc3,104
ZINC000036165448,O=C(N[C@H]1CCS(=O)(=O)C1)c2cccc3[nH]ccc23,104
ZINC000078943890,Cc1ccc(C(=O)Nc2cc(C)nn2[C@@H]3CCS(=O)(=O)C3)cc1,104
ZINC000071794115,Cc1ccc(CCC2CCN(C(=O)[C@H]3CCS(=O)(=O)C3)CC2)cc1,104
ZINC000004806411,Cc1cccc(C(=O)N[C@@H]2CCS(=O)(=O)C2)c1,104
ZINC000003160837,O=S1(=O)CC[C@H](NCc2ccccc2)C1,104
ZINC000171586405,O=C(NCCc1ccsc1)N2CCS(=O)(=O)CC2,104
ZINC000032903389,CCc1ccc(C(=O)N(CC)[C@H]2CCS(=O)(=O)C2)cc1,104
ZINC000012545560,O=S1(=O)CC[C@@H](NCc2ccc(N3CCCCC3)cc2)C1,104
ZINC000102776609,Cc1cccc(N2C(=N)S[C@@H]3CS(=O)(=O)C[C@@H]32)c1,104
ZINC000000097566,Cc1cccc(/[NH+]=C\2/NCCCS2)c1,105
ZINC000057955536,Brc1cccc(C[C@H]2CC[NH2+]C2)c1,105
ZINC000019804822,Clc1cccc2c3c([nH]c12)CC[NH2+]C3,105
ZINC000095073652,O=[S@@](C[C@@H]1CC[NH2+]C1)c2ccccn2,105
ZINC000019878990,C[C@H]([NH2+]C1CCCCC1)c2ccncc2,105
ZINC000001596496,c1cc(CC[NH2+]C2CCCCC2)ccn1,105
ZINC000041225452,Fc1cc(F)cc(C[C@H]2CCC[NH2+]C2)c1,105
ZINC000095092763,c1ncc(CSC[C@H]2CCCC[NH2+]2)s1,105
ZINC000082383060,c1cc2cc([C@@H]3CCC[NH2+]C3)ccc2[nH]1,105
ZINC000095092577,c1cc(COCCC[C@@H]2CCCC[NH2+]2)ccn1,105
ZINC000004496959,Cc1ccc(N2C[C@@H](NC(=O)C3CCCCC3)CC2=O)cc1,106
ZINC000022510706,CCN(CC)C(=O)c1ccc(CN2CCCC2=O)cc1,106
ZINC000008264399,Cc1ccc(N2C[C@@H](C(=O)NC[C@@H]3CCCO3)CC2=O)cc1C,106
ZINC000009236933,CCCOc1ccc(N2C[C@H](C(=O)NC3CCCC3)CC2=O)cc1,106
ZINC000048286242,O=C(CCc1cccs1)N[C@H](CN2CCCC2=O)c3ccccc3,106
ZINC000019972532,CC(=O)Nc1ccc(N2C(=O)C[C@@H](N3CCCCC3)C2=O)cc1,106
ZINC000000069580,Cc1cc(C)cc(NC(=O)[C@@H]2CC(=O)N(c3ccccc3)C2)c1,106
ZINC000247729904,O=C(CN1C(=O)[C@@H]2CCCC[C@H]2C1=O)N[C@H]3CCc4ccccc43,106
ZINC000002866322,COc1ccc(N2C[C@@H](C(=O)Nc3ccc(C)cc3)CC2=O)cc1,106
ZINC000023643410,O=C(NCCc1ccccc1F)[C@H]2CC(=O)N(C3CCCC3)C2,106
ZINC000048302874,COc1cc(C)ccc1NC(=O)c2ccn(-c3ccccc3)n2,107
ZINC000003945110,Cc1n[nH]c(N/N=C/c2ccncc2)nc1=O,107
ZINC000193699074,Cc1cc(NC(=O)c2cc[nH]n2)ccc1Oc3ccncc3,107
ZINC000040391062,CC(=O)Nn1ccc2c(nnc3c(-c4ccccc4)c(C)nn32)c1=O,107
ZINC000020614688,Cn1ncc(C(=O)O)c1C(=O)Nc2ccccc2Oc3ccccc3,107
ZINC000008666392,Cc1cc(=O)n2nc(-c3ccccc3)cc2[nH]1,107
ZINC000012313409,CC(=O)Nn1cnc2c(cnn2-c3ccc(F)cc3)c1=O,107
ZINC000100130346,COc1ccc(-c2cc[nH]c-3nn(-c4ccccc4)c(=O)c23)cc1,107
ZINC000005010227,Cc1ccc(N2NC(=O)/C(=C/c3ccccc3)/C2=O)cc1,107
ZINC000000161894,COc1ccc(-n2ncc(C=O)c2C)cc1,108
ZINC000095365908,C[C@@H](C(=O)O)n1cc(-c2cccc(Cn3cccn3)c2)nn1,108
ZINC000095098469,COC(=O)c1nn(CC(F)F)cc1Br,108
ZINC000002785013,Cc1cccc(-c2ccnc3c(C(=O)O)cnn23)c1,108
ZINC000049847623,CCOC(=O)c1cnn(-c2ccccc2CC)c1N,108
ZINC000014607510,COc1ccccc1[C@H]2[C@@H]3C(=O)C[C@@H](C)CC3=Nc4ncnn42,108
ZINC000067605374,COc1ccc2[nH]c(-c3nc(C)nn3-c4ccccn4)cc2c1,108
ZINC000071910847,C[C@H]1c2ccccc2O[C@H]1C(=O)OCc3nnnn3-c4ccccc4,108
ZINC000096153188,COc1ccccc1-n2ncnc2Cn3ncnn3,108
ZINC000040162976,Cc1ccc(C(=O)O)c(-n2cnnn2)c1C,108
ZINC000306126349,c1cncc(COC[C@@H]2CCC[C@@]23C[NH2+]CCO3)c1,109
ZINC000072801244,c1ccc(C[C@H]2CC[N@H+](C[C@H]3CCCO3)CC2)cc1,109
ZINC000096076817_1,Cc1ccc(C[N@H+]2CCC[C@@]3(COCCN(C)C3)C2)o1,109
ZINC000096202130,c1ccc(CN2CCOC[C@@]3(CC[N@H+](Cc4ccco4)C3)C2)nc1,109
ZINC000257273645_1,O[C@H]1CC[N@@H+](Cc2cnccn2)C[C@@]13CCCO3,109
ZINC000108535227,Cn1cncc1C[N@@H+]2CC[C@@H]3OCCN(Cc4ccncc4)[C@H]3C2,109
ZINC000004812074,O=C(CC[NH+]1CCCCC1)c2ccc3c(c2)OCO3,109
ZINC000096055019,c1cncc(CO[C@@H]2C[C@@H]3CN(Cc4ccco4)CC[N@@H+]3C2)c1,109
ZINC000096081742,c1ccc(C[N@H+]2C[C@H]3OCCN(Cc4ccncc4)[C@@H]3C2)nc1,109
ZINC000096185413,c1csc(CN2CC[C@H]3CO[C@H](C[NH+]4CCCC4)[C@H]3C2)n1,109
ZINC000020600469,COc1ccc(-c2noc(CN(C)Cc3ccc(C)o3)n2)cc1,110
ZINC000049314315,Cc1cc(C)n([C@H](C)C(=O)NCc2cc(C)on2)n1,110
ZINC000077287640,Cc1nc(CN(C)Cc2nc(-c3ccncc3)no2)co1,110
ZINC000075166108,Cc1noc(Cn2cccc(-c3nc(C)no3)c2=O)n1,110
ZINC000016661381,Cc1cccc(C(=O)N(C)Cc2nc(-c3cccs3)no2)c1,110
ZINC000024580972,Cc1noc(C)c1CN(C)C(=O)Cc2nc(-c3ccccc3)oc2C,110
ZINC000095954009,Cc1noc(C)c1CN(C)C(=O)Cn2ccc3ccccc32,110
ZINC000046060621,Cc1noc(C)c1CN(C)CC(=O)N(C)Cc2ccc(F)cc2,110
ZINC000019144827,Cc1occc1CN(C)Cc2cc(-c3ccccn3)no2,110
ZINC000244778610,CCN(Cc1noc(C)n1)Cc2ccc(C(=O)NC)o2,110
ZINC000096441545,CN(CC[C@@H]1CCCC[N@H+]1C)C[C@@H]2CCCCO2,111
ZINC000091907175_1,Cc1ccc(C[N@@H+]2C[C@H](CO)[C@H](C[N@@H+](C)CCO)C2)cc1,111
ZINC000229609239,C[C@H]1C[N@@H+](C)CCN1C[C@@H](O)c2cccc(F)c2,111
ZINC000003996529,C[C@@H]1C[N@@H+](C(C)(C)C)CC[C@]1(O)c2ccccc2,111
ZINC000229527748_1,C[C@@H]1CN(CCCCO)CC[N@@H+]1C[C@@H](O)c2ccccc2,111
ZINC000069619818,COC(=O)c1ccc(CN2CCN(C[C@H]3CCCC[N@H+]3C)CC2)cc1,111
ZINC000125084340,C[C@H]1C[N@H+](CC[C@H]2CC[N@H+](CC[C@@H]3CCC[N@@H+]3C)CC2)C[C@@H](C)O1,111
ZINC000023361650,C[C@@H]1CN(Cc2ccccc2)CC[N@H+]1CCC(=O)O,111
ZINC000229513145,C[C@H]1CN(C[C@H](O)C[N@H+]2CC[C@H](C)CC2)CCN1Cc3nccn3C,111
ZINC000170619350_1,C[C@H]1CN(C[C@@H](C)O)CC[N@@H+]1Cc2cccs2,111
ZINC000066179946,CNC(=O)c1cccc(CNC(=O)N2CC[C@H]([NH+]3CCCC3)C2)c1,112
ZINC000072235866,C[C@H]1CN(C(=O)N[C@@H](CN2CC[NH+](C)CC2)c3ccccc3)CCO1,112
ZINC000026402253,C[C@H](NC(=O)N1CCC(Cc2ccccc2)CC1)[C@@H]3CCCO3,112
ZINC000069570199,CC(=O)Nc1ccc(CCNC(=O)NCC[N@@H+]2CCCC[C@H]2C)cc1,112
ZINC000096413340,COCC[N@@H+]1CC[C@@H](NC(=O)NCCc2ccc(C)cc2)C1,112
ZINC000038580753,CCOC(=O)c1cccc(NC(=O)N2CCNCC2)c1,112
ZINC000047671895,CN1CCC([N@H+](C)CCN(C)C(=O)NCCc2ccccc2)CC1,112
ZINC000074768987,Cc1cc(C)cc(C[C@H](C)NC(=O)N2CCC[C@H](CO)C2)c1,112
ZINC000020532060,Cc1cccc(NC(=O)N2CCC(C[NH+]3CCOCC3)CC2)c1,112
ZINC000078751614,CN(C[C@H]1CC[N@H+](C)CC1)C(=O)N[C@@H](c2ccccc2)[C@H]3CCCO3,112
ZINC000022968299,Cc1ccc(C(=O)Nc2cccc(Cl)c2F)cn1,113
ZINC000000338606,Cc1cccc(C(=O)Nc2ccncc2)c1,113
ZINC000065006349,O=C(Nc1ccc2[nH]cnc2c1)c3ccc(Cl)cc3,113
ZINC000096013733,O=C(Nc1cc2c(=O)[nH]cnc2cc1F)c3cccc(Cl)c3F,113
ZINC000006224220,O=c1cc2cc(Cl)nc(Cl)c2c(Cl)[nH]1,113
ZINC000030836488,Cc1ccc(C(=O)Nc2ccc3[nH]cnc3c2)cc1,113
ZINC000010262219,C[C@@H](NC(=O)Nc1ccc(F)cc1)c2cccnc2,113
ZINC000000170252,COC(=O)c1ccncc1C(=O)Nc2ccc(F)cc2,113
ZINC000065348224,CC(=O)Nc1cccc(-c2ncccc2C(=O)O)c1,113
ZINC000000299229,O=C(NCc1cccnc1)c2ccc(F)cc2,113
ZINC000098096012,CC(C)(C)OC(=O)N[C@@H]1CCC[C@@H](C=O)C1,114
ZINC000035389526,CCc1ccc(C(=O)N[C@@H](C(=O)O)C(C)(C)C)o1,114
ZINC000011890230,CC(C)C[C@H](NC(=O)c1ccc(C(C)(C)C)cc1)C(=O)O,114
ZINC000001561865,CCOC(=O)[C@@H](NC(C)=O)[C@@H](O)c1ccccc1,114
ZINC000129343292,CC(C)(C)OCC(=O)N[C@H](C(=O)O)c1ccccc1,114
ZINC000071863621,CC(C)(C)OC(=O)[C@@H]([NH3+])Cc1ccc(C(=O)O)cc1,114
ZINC000008075844,CC(C)(C)OC(=O)N[C@@H](C(=O)O)c1ccccc1,114
ZINC000009645447,CC(C)NC(=O)c1cccc(NC(=O)OC(C)(C)C)c1,114
ZINC000090636376,CC(C)(C)OC(=O)NCCCCNC(=O)OC(C)(C)C,114
ZINC000001059967,COC(=O)[C@H](NC(=O)Nc1ccc(C)cc1)C(C)C,114
ZINC000001653182,CCOP(=O)(OCC)OP(=O)(OCC)OCC,115
ZINC000004684064,CCC(=O)OCCC[C@H](CC[C@H](C)OC(=O)CC)OC(=O)CC,115
ZINC000002572267,O=C(OC[C@@H]1CCCO1)c2ccccc2,115
ZINC000001681923,CCCCC[C@@]1(C)OC[C@@H](COC(C)=O)O1,115
ZINC000038272889,C[C@H](CC=O)c1ccc(C(=O)OC(C)(C)C)cc1,115
ZINC000091679226,CCOC(=O)CCCC(=O)c1ccc(OC(C)=O)cc1,115
ZINC000011690332,CCOC(=O)/C=C/c1cccc(C(C)=O)c1,115
ZINC000001874360,CCCCCCOC(=O)Cc1ccccc1,115
ZINC000003137353,O=C(O)CCCCCc1ccc(CCCC(=O)O)cc1,115
ZINC000077285267,CCOC(=O)c1cccn1[C@@H](C)c2ccccc2,116
ZINC000000001652,CCOC(=O)c1c(C)n(C)c2ccc(O)cc12,116
ZINC000071711885,Cn1c(-c2nccn2Cc3ccc(C(=O)O)s3)nc4ccccc41,116
ZINC000000029114,Cc1ccc(C)n1-c2cccc(C(=O)O)c2,116
ZINC000001578094,C[n+]1cc(C(=O)c2ccccc2)c3ccccc3c1,116
ZINC000003246115,Cc1nc2ccccn2c1C(=O)c3ccccc3,116
ZINC000097113040,COC[C@@H](C)OC(=O)c1ccc2c(c1)nc(C)n2C,116
ZINC000015512769,Cc1cc2ncn(C[C@H](O)c3ccccc3)c2cc1C,116
ZINC000065380325,COc1ccc(CN(C)c2nc(C)cc(C)n2)cc1,116
ZINC000000334660,Cc1cc2ncn(C[C@@H](O)COc3ccccc3)c2cc1C,116
ZINC000001638344,Cc1cccc(C=C2C(=O)NC(=S)NC2=O)c1,117
ZINC000020267489,CC/C(/NC1CC1)=C\2/C(=O)NC(=O)N(Cc3ccccc3)C2=O,117
ZINC000000072099,COc1ccccc1/C=C\2/NC(=O)NC2=O,117
ZINC000253623729,COC(=O)C1=CNC(=O)[C@@H]([C@H](CC(N)=O)c2ccc(OC)cc2)C1=O,117
ZINC000000114378,CCOC(=O)[C@H]1C(C)=NC(=O)N[C@@H]1c2ccc(C)cc2,117
ZINC000000324265,CCOC(=O)C1=C(C)NC(=O)N[C@@H]1c2ccc(OC(C)=O)cc2,117
ZINC000006361260,CN/C=C/1\C(=O)NC(=O)N(c2ccccc2)C1=O,117
ZINC000001621519,Cc1cccc(C=C2C(=O)NC(=O)NC2=O)c1,117
ZINC000032812593,CCOC(=O)C1=C(C)N(C)C(=O)N[C@@H]1c2cccc(C)c2,117
ZINC000408916990,COc1ccc(/C=C/2\C(=O)NC(=S)N(C)C2=O)c(OC)c1C,117
ZINC000000151580,Cc1nc(N)sc1C(=O)OCc2ccccc2,118
ZINC000000313989,Cc1csc(NC(=O)c2ccccc2C(=O)O)n1,118
ZINC000007007382,Cc1cccc(C(=O)Nc2ncc(C)s2)c1,118
ZINC000009667838,CC(=O)S[C@H](C)C(=O)Nc1sc2c(c1C(N)=O)CCCC2,118
ZINC000022576271,Cc1cnc(NC(=O)c2cc(F)ccc2F)s1,118
ZINC000010775018,CC(=O)Nc1ccc(NC(=O)c2cccs2)cc1C,118
ZINC000008718529,CC(=O)Nc1ccc(CC(=O)Nc2nccs2)cc1,118
ZINC000009869007,COC(=O)c1ccc(C(=O)Nc2nc(C)cs2)cc1,118
ZINC000040106512,Cc1ccccc1NC(=O)c2scnc2C,118
ZINC000000433822,COC(=O)c1sccc1NC(=O)c2ccccc2C,118
ZINC000002026827,Clc1ccc(N2CCN(c3ccnc(Cl)n3)CC2)cc1,119
ZINC000257274281,Cc1c[nH]c(-c2nccnc2[C@H]3CCCN(c4ccccn4)C3)n1,119
ZINC000097259198,Fc1ccc(CN2CCN(c3ccc4nccn4n3)CC2)c(F)c1,119
ZINC000072410934,Cc1nccnc1N2CCC[C@H](c3nnc(CN4CCCC4)n3C)C2,119
ZINC000133842429,Cc1csc(N2CCN(Cc3ccc(N4CCCC4)nc3)CC2)n1,119
ZINC000055543528,Fc1ccc(CN2CCN(c3ccccc3)CC2)cc1,119
ZINC000069394010,Cn1ccnc1CN2CCN(Cc3cn4ccccc4n3)CC2,119
ZINC000257314559,Cc1cc2nccc(C3CCN(c4cnccn4)CC3)n2n1,119
ZINC000001503769,Cc1nc(-c2ccccn2)cc(N3CCN(c4ccccn4)CC3)n1,119
ZINC000028069573,Cc1cn2nc(N3CCN(Cc4cccnc4)CC3)sc2n1,119
ZINC000006685535,S=C(NC[C@@H]1CCCO1)N/N=C/C2CCCCC2,120
ZINC000005119973,CC(C)NC(=S)NN=C1CCCCC1,120
ZINC000000450518,Cc1cccc(NC(=S)NCc2ccccc2)c1,120
ZINC000038375086,CNC(=S)N/N=C(/C)\c1cc(OC)ccc1OC,120
ZINC000005260656,C/C(=N\NC(N)=S)/c1cccc(N)c1,120
ZINC000003097897,Cc1ccc(/C(=N/O)/c2ccccc2)cc1,120
ZINC000097943443,COC(=O)/C(/Cl)=N/Nc1ccc(C)cc1,120
ZINC000013152556,C/C(=N\Nc1ccccc1)/c2cccc(N)c2,120
ZINC000007892095,Cc1ccccc1N/N=C/c2ccccc2O,120
ZINC000004946999,Cc1ccc(C(=O)ONC(=N)c2ccccc2)cc1,120
ZINC000225418717,O=C(CN1Cc2ccccc2C1=O)NC[C@H]3CCC[N@@H+]4CCCC[C@H]34,121
ZINC000095982350,O=C(NCc1ccccc1)[C@H]2CC[N@H+](Cc3cnc4cnccn34)CC2,121
ZINC000069849236,O=C(c1cccc(C[NH+]2CCCC2)c1)N3CCC[C@@H]([NH+]4CCCC4)C3,121
ZINC000096055684,O=C1C[C@@H]2[C@H](CC[N@H+]2Cc3ccncc3)N1Cc4ccncc4,121
ZINC000022285571,O=C(CN1CCN(C(=O)C2CCCCC2)CC1)NCc3ccccc3,121
ZINC000047459885,O=C(NCCC[NH+]1CCN(Cc2ccccc2)CC1)C3CCCCC3,121
ZINC000426436742,O=C(NCCCc1ccccn1)N2CCC[C@@H](C[n+]3cc[nH]c3)C2,121
ZINC000096184648,O=C(c1ccc(F)cc1)N2CC[C@H]3[C@H]2CC[N@@H+]3Cc4cccnc4,121
ZINC000096081020,O=C(c1ccncc1)N2C[C@H]3C[NH+](CCCc4ccccc4)C[C@@H]3C2,121
ZINC000019834517,O=C(NCCCN1CC[NH+](Cc2ccccc2)CC1)c3cccs3,121
ZINC000078995886,CCC[C@H](C)[N@H+]1CC[C@H](NC(=O)c2ccccc2)CC1,122
ZINC000006729628,CC(=O)N1CCC(C(=O)N[C@@H](C)CCc2ccccc2)CC1,122
ZINC000005045758,C[C@@H]1CCCN(C(=O)[C@H]2CC[N@H+](Cc3ccccn3)CC2)C1,122
ZINC000004362587,C[NH+]1CCN(c2ccc(CNC(=O)C3CCCCC3)cc2)CC1,122
ZINC000067867047_1,CN1CC[N@H+](C)C2(CCN(C(=O)C(C)(C)c3ccccc3)CC2)C1,122
ZINC000012729440,Cc1cccc(C)c1NC(=O)CNC(=O)[C@H](C)[N@@H+]2CCC[C@@H](C)C2,122
ZINC000158144283,C[C@@H]([NH3+])C(=O)N1CCC(CCC[NH+](C)C)CC1,122
ZINC000044336420,Cc1cccc(C[NH+]2CCN(C(=O)[C@@H]3CCN(C)C(=O)C3)CC2)c1,122
ZINC000257216831,CNC(=O)[C@@H]1C[N@H+](Cc2ccccc2)CCN1C(C)=O,122
ZINC000036389923,C[C@@H]1CCCC[C@H]1NC(=O)CN2CCN(C(=O)c3ccccc3)CC2,122
ZINC000257333901,O=C(C[NH+]1CCCCC1)NC[C@@]2(O)CCN(c3cnccn3)C2,123
ZINC000257204907,O=C(CCc1ccccc1)N2C[C@@H](O)[C@H]([NH+]3CCC(F)(F)CC3)C2,123
ZINC000257221916,O=C(CCn1ccnc1)N[C@@H]2CCC[C@@H]([NH+]3CCCC3)[C@@H]2O,123
ZINC000223961230,O=C(C[N@@H+]1CCC[C@@H](O)C1)N2CCC(CCc3ccccc3)CC2,123
ZINC000257242441,O=C(c1cccnc1)N2CC[C@@](O)(C[NH+]3CCOCC3)C2,123
ZINC000092061641,Cc1cccc(OCC(=O)N2C[C@H](CO)[C@@H](C[NH+]3CCCCC3)C2)c1,123
ZINC000257283878,O=C(Cc1cccnc1)N2C[C@@H](O)[C@H]([N@H+]3CCc4ccccc4C3)C2,123
ZINC000072269526,Cc1ccc(CCCC(=O)N2CC[NH+]([C@@H]3CCC[C@H]3O)CC2)cc1,123
ZINC000018240715,O=C1C[C@@H]([N@H+]2CC[C@H](C(=O)O)CC2)C(=O)N1CCc3ccccc3,123
ZINC000215571471,CCc1nccn1CCC(=O)NC[C@H]2COc3ccccc3O2,124
ZINC000000457204,O=C(NCc1ccc2c(c1)OCO2)N3CCOCC3,124
ZINC000003402667,O=C(CCCn1c(=O)oc2ccccc21)NCc3ccccc3,124
ZINC000020745570,C[NH+]1CCN(CC(=O)NC[C@@H]2COc3ccccc3O2)CC1,124
ZINC000096246438,COc1ccc(CN2C(=O)CO[C@@H]3C[N@H+](C[C@H]4CCOC4)C[C@H]32)cc1,124
ZINC000050857092,Cc1c(C(=O)N2CCO[C@H](C(N)=O)C2)oc3c1ccc4ccccc43,124
ZINC000000423111,Cc1ccc2c(c1)N(CC(=O)NC3CCCCC3)C(=O)CO2,124
ZINC000072411862,CC(=O)N1CC[NH+](C[C@H]2CC[C@@H](Cc3ccc4c(c3)OCO4)O2)CC1,124
ZINC000012196090,C[NH+](C)[C@H](CNC(=O)c1ccccc1)c2ccc3c(c2)OCO3,124
ZINC000097575157,Cc1ccc2nc(CCCNC(=O)Cn3ccccc3=O)oc2c1,124
ZINC000088374180,O=C(O)[C@@H]1COCCN1C(=O)CCCc2ccccc2,125
ZINC000082271233,O=C(O)[C@H]1CCCCN1C(=O)c2ccc3[nH]ccc3c2,125
ZINC000034202520,O=C(O)[C@H]1CCCN1C(=O)CCCc2ccccc2,125
ZINC000043700570,O=C(O)[C@@H]1CN(C(=O)c2ccc3c(c2)CCC3)CCO1,125
ZINC000019264793,O=C(O)C1CCN(C(=O)CCCc2cccs2)CC1,125
ZINC000043700783,O=C(O)[C@@H]1CN(C(=O)CCc2ccco2)CCO1,125
ZINC000094183711,O=C(O)[C@H]1CCN(C(=O)c2ccc(F)c(F)c2F)C1,125
ZINC000037433312,Cc1ccc(CCC(=O)N2CCC(C(=O)O)CC2)cc1,125
ZINC000238102483,O=C(O)C1CCN(C(=O)CCc2cccc(F)c2F)CC1,125
ZINC000094646272,Cc1ncccc1C(=O)N2CC[C@@H](C(=O)O)C2,125
ZINC000012811520,Cc1cc(C)cc(OCC[N@H+](C)[C@H](C)C(=O)NC2CCCCC2)c1,126
ZINC000229575641_1,COc1ccc(OC)c([C@@H]2CCC[N@H+]2CC(=O)N3CCC[C@@H](C)C3)c1,126
ZINC000040475914,Cc1cccc(OCC[NH+]2CCN(CC(=O)N3CCCCC3)CC2)c1,126
ZINC000070007706,COc1c(C)cc(C[N@@H+](C)[C@H]2CCN(C)C2=O)cc1C,126
ZINC000079091144,COC[C@@H]1CCC[N@H+](CC(=O)NCc2ccccc2OC)C1,126
ZINC000007240776,COc1cc(C(=O)NCCC[N@H+]2CCCC[C@H]2C)ccc1C,126
ZINC000299758521,COCC[N@H+]1CCC[C@@H](CN(C)C(=O)Nc2ccc(C)c(OC)c2)C1,126
ZINC000011764061,Cc1ccc(OC2CCN(C(=O)C[C@@H]3C(=O)NCCN3C)CC2)cc1,126
ZINC000058307781,COc1ccc(C)cc1CC(=O)N2CC[NH+](C)CC2,126
ZINC000009319071,Cc1ccnc(NC(=O)c2cc(-c3ccccc3)n[nH]2)c1,127
ZINC000006823132,Cc1ccc(NC(=O)c2ncn(-c3ccccc3)n2)cc1C,127
ZINC000161564395,Cc1cccc(C(=O)Nc2cc[nH]n2)c1F,127
ZINC000012781601,Cc1cc(F)ccc1NC(=O)c2cnn3cccnc23,127
ZINC000252498291,Cc1ccc(NC(=O)c2ncn(-c3ccc(F)c(F)c3)n2)cc1,127
ZINC000069776883,Cc1nc(NC(=O)[C@@H](c2ccccc2)n3cccn3)sc1C,127
